ID_HDC_G0,UC_NM_MN,STUDY_AREA_SCALE_FACTOR,NO_RUNS,NEED_CENTROID_CHECK,NEED_MAP_CHECK,DONE
1450,Mindelo,80,0,,,True
1451,Jo?o Teves,20,0,,,
1452,Dakar,20,0,,,True
1453,MBour,40,0,,,True
1454,ThiŠs,20,0,,,True
1455,Serrekunda,80,0,,,True
1456,Tivaouane,160,0,,,True
1457,Yundum,2560,0,,,True
1458,Brikama,80,0,,,True
1459,Nouadhibou,80,0,,,True
1460,Bambey,20,0,,,True
1461,Saint-Louis,20,0,,,True
1462,Fatick,40,0,,,True
1463,Ziguinchor,20,0,,,True
1464,Bignona,40,0,,,True
1465,Diourbel,20,0,,,True
1466,Louga,20,0,,,True
1467,Kaolack,20,0,,,True
1468,Keur Madiabel,20,0,,,True
1469,Gossas,20,0,,,True
1470,Darou Mousti,40,0,,,True
1471,Guinguin‚o,20,0,,,True
1472,Goudomp,20,0,,,True
1473,Touba,20,0,,,True
1474,Nouakchott,20,0,,,True
1476,Nioro du Rip,20,0,,,True
1477,Bissau,40,0,,,True
1478,Rosso S‚n‚gal,40,0,,,True
1480,Farafenni,20,0,,,True
1481,S‚dhiou,20,0,,,True
1482,Richard-Toll,80,0,,,True
1484,Kaffrine,20,0,,,True
1485,Dahra Djoloff,20,0,,,True
1486,Dakhla,20,0,,,True
1487,Dagana,40,0,,,True
1489,Kolda,20,0,,,True
1490,Podor,20,0,,,True
1491,Koungheul,20,0,,,True
1492,Bafat ,80,0,,,True
1493,Kamsar,80,0,,,True
1496,Koumpentoum,20,0,,,True
1497,Bok‚,160,0,,,True
1498,Gab£,40,0,,,True
1499,Bogu‚,40,0,,,True
1500,V‚lingara,20,0,,,True
1501,Sangar‚di,40,0,,,True
1502,Conakry,20,0,,,True
1503,Boujdour,20,0,,,True
1504,Madina Gounass,40,0,,,True
1505,Fria,40,0,,,True
1506,Tambacounda,20,0,,,True
1507,Freetown,80,0,,,True
1508,Ka‚di,80,0,,,True
1509,Mahera,160,0,,,True
1511,Waterloo,2560,0,,,True
1512,Kindia,40,0,,,True
1513,Waound‚,20,0,,,True
1515,Lab‚,80,0,,,True
1516,Mile 91,40,0,,,True
1517,Kedougou,80,0,,,True
1518,Mamou,80,0,,,True
1519,Makeni,40,0,,,True
1520,Bo,20,0,,,True
1521,Kayes,40,0,,,True
1522,Kenema,40,0,,,True
1523,Kiffa,80,0,,,True
1524,Koidu Town,80,0,,,True
1525,Daru,20,0,,,True
1526,Monrovia,20,0,,,True
1527,Faranah,40,0,,,True
1528,Dinguiraye,40,0,,,True
1529,Kakata,80,0,,,True
1530,Tan-Tan,20,0,,,True
1531,Gu‚ck‚dou,80,0,,,True
1532,Kissidougou,40,0,,,True
1533,Buchanan,160,0,,,True
1534,Gbarnga,160,0,,,True
1535,Macenta,80,0,,,True
1536,Kita,80,0,,,True
1537,Guelmim,20,0,,,True
1538,Banankoro,40,0,,,True
1539,Kankan,40,0,,,True
1540,Siguiri,40,0,,,True
1541,Ganta,160,0,,,True
1542,Tiznit,20,0,,,True
1543,Essaouira,20,0,,,True
1544,Agadir,160,0,,,True
1545,Nz‚r‚kor‚,20,0,,,True
1546,Ouled-Teima,20,0,,,True
1547,Safi,20,0,,,True
1548,Sinko,20,0,,,True
1549,Danan‚,40,0,,,True
1550,Taroudant,20,0,,,True
1552,Kati,2560,0,,,True
1553,Bamako,20,0,,,True
1555,S‚nou,2560,0,,,True
1557,Youssoufia ????????? ????????,20,0,,,True
1558,El Jadida,20,0,,,True
1560,Sidi Bennour,20,0,,,True
1561,Tinduf,80,0,,,True
1562,Man,40,0,,,True
1563,Guiglo,40,0,,,True
1564,Azemmour,20,0,,,True
1565,Bougouni,80,0,,,True
1567,Duekoue,40,0,,,True
1570,Marrakesh,20,0,,,True
1571,Ben Guerir,20,0,,,True
1574,Dar Bouazza,20,0,,,True
1575,Casablanca,20,0,,,True
1577,Settat,20,0,,,True
1578,Virage de Dioila,80,0,,,True
1579,Berrechid,20,0,,,True
1581,Deroua,40,0,,,True
1582,El Kelaa des Sraghna,20,0,,,True
1583,San-P‚dro,40,0,,,True
1585,Soubr‚,20,0,,,True
1586,Issia,40,0,,,True
1587,M‚agui,40,0,,,True
1589,Vavoua,80,0,,,True
1590,Daloa,20,0,,,True
1591,Tengr‚la,40,0,,,True
1592,Ouarzazate,20,0,,,True
1594,Khouribga,20,0,,,True
1595,Rabat,20,0,,,True
1596,S‚gou,40,0,,,True
1597,Ain El Aouda,20,0,,,True
1598,Souk Sebt Oulad Nemma,20,0,,,True
1600,Fkih Ben Salah,20,0,,,True
1601,Bonon,20,0,,,True
1603,Gagnoa,20,0,,,True
1604,Kenitra,20,0,,,True
1605,Oued Zem,20,0,,,True
1606,Sinfra,40,0,,,True
1607,Niono,80,0,,,True
1608,Beni Mellal,20,0,,,True
1609,Bejaad,20,0,,,True
1610,Bouafl‚,20,0,,,True
1611,Lakota,80,0,,,True
1612,Kasba Tadla,20,0,,,True
1613,Tiflet,20,0,,,True
1614,Sikasso,40,0,,,True
1615,Korhogo,40,0,,,True
1616,Sidi Yahya du Gharb,20,0,,,True
1617,Di‚gon‚fla,20,0,,,True
1621,Larache,20,0,,,True
1623,Khemisset,20,0,,,True
1624,Koutiala,40,0,,,True
1625,Oum‚,40,0,,,True
1626,Fassala,20,0,,,True
1628,Divo,40,0,,,True
1629,Souk El Arba Du Gharb,20,0,,,True
1630,Zagora,40,0,,,True
1631,Sidi Slimane,20,0,,,True
1633,Yamoussoukro,40,0,,,True
1634,Ksar el-Kebir,20,0,,,True
1635,Tangier,20,0,,,True
1637,Ferk‚ss‚dougou,80,0,,,True
1639,Ouangolodougou,40,0,,,True
1640,Sidi Kacem,20,0,,,True
1641,Khenifra,20,0,,,True
1642,Bouak‚,20,0,,,True
1643,Meknes,20,0,,,True
1644,M'rirt,20,0,,,True
1645,Ouazzane,20,0,,,True
1646,Niangoloko,40,0,,,True
1648,San,80,0,,,True
1652,T‚touan,20,0,,,True
1653,Banfora,80,0,,,True
1657,Martil,40,0,,,True
1658,Azrou,20,0,,,True
1660,Chefchaouen,20,0,,,True
1661,Ain Taoujdate,20,0,,,True
1664,Fez,20,0,,,True
1666,Dabou,80,0,,,True
1668,Sefrou,20,0,,,True
1669,Bobo-Dioulasso,20,0,,,True
1670,Midelt,20,0,,,True
1671,Sid‚radougou,20,0,,,True
1672,Agboville,80,0,,,True
1675,Abidjan,20,0,,,True
1676,Mopti,40,0,,,True
1679,Socoura,80,0,,,True
1680,Solenzo,40,0,,,True
1681,Errachidia,20,0,,,True
1683,Daoukro,40,0,,,True
1684,Adzop‚,40,0,,,True
1685,Barani,20,0,,,True
1686,Nouna,40,0,,,True
1687,Ouo,20,0,,,True
1689,Grand-Bassam,160,0,,,True
1690,Taza,20,0,,,True
1692,Lorop‚ni,20,0,,,True
1693,Abengourou,40,0,,,True
1694,Al Hoceima,20,0,,,True
1695,Hound‚,80,0,,,True
1696,D‚dougou,80,0,,,True
1704,Aboisso,40,0,,,True
1706,Agnibil‚krou,80,0,,,True
1710,Gaoua,160,0,,,True
1712,Tougan,40,0,,,True
1714,Guercif,20,0,,,True
1715,Bouna,40,0,,,True
1717,Timbuktu,20,0,,,True
1720,Dormaa Ahenkro,80,0,,,True
1724,Enchi,40,0,,,True
1725,Bondoukou,80,0,,,True
1730,Jirapa,80,0,,,True
1733,Nador,80,0,,,True
1734,Melilla,40,0,,,True
1735,Taourirt,20,0,,,True
1736,Berekum,80,0,,,True
1738,Wa,160,0,,,True
1740,Bole,160,0,,,True
1743,Sawla,20,0,,,True
1744,Ouahigouya,80,0,,,True
1745,Koudougou,160,0,,,True
1747,Sunyani,160,0,,,True
1748,Gourcy,40,0,,,True
1754,Yako,40,0,,,True
1762,Wenchi,80,0,,,True
1765,Berkane,20,0,,,True
1766,Leo,80,0,,,True
1769,Bashar,80,0,,,True
1774,Techiman,80,0,,,True
1779,Takoradi [Sekondi-Takoradi],40,0,,,True
1783,Dunkwa-on-Ofin,80,0,,,True
1784,Sapouy,40,0,,,True
1785,Kumasi,20,0,,,True
1787,Oujda,20,0,,,True
1788,Kintampo,80,0,,,True
1789,Nkoranza,160,0,,,True
1791,Obuasi,80,0,,,True
1799,Ouagadougou,20,0,,,True
1802,Djibo,80,0,,,True
1804,Maghnia,40,0,,,True
1807,Kongoussi,80,0,,,True
1812,Mampong,160,0,,,True
1817,Ejura,80,0,,,True
1820,Kombissiri,80,0,,,True
1822,Cape Coast,80,0,,,True
1825,Ziniar‚,160,0,,,True
1826,Sandema,20,0,,,True
1827,Assin Fosu,80,0,,,True
1829,Konongo,160,0,,,True
1832,Tlemcen,40,0,,,True
1842,Paga,160,0,,,True
1843,Kaya,40,0,,,True
1844,Navrongo,160,0,,,True
1850,Barsalogho,40,0,,,True
1852,Ain Temouchent,20,0,,,True
1853,Atebubu,80,0,,,True
1854,Akim Oda,80,0,,,True
1866,Tamale,40,0,,,True
1868,Bolgatanga,80,0,,,True
1870,Arbinda,20,0,,,True
1872,Pissila,20,0,,,True
1873,Savelugu,40,0,,,True
1875,Walewale,20,0,,,True
1876,Nkawkaw,320,0,,,True
1878,Ain Turk,40,0,,,True
1879,Agona Swedru,160,0,,,True
1882,Kwame Danso,20,0,,,True
1883,Asamankese,80,0,,,True
1884,Yeji,80,0,,,True
1886,Winneba,160,0,,,True
1890,Oran,20,0,,,True
1894,Sidi Bel Abbes,20,0,,,True
1898,Boulsa,40,0,,,True
1901,Ain Sefra,40,0,,,True
1902,Garango,80,0,,,True
1903,Tougouri,20,0,,,True
1904,Salaga,80,0,,,True
1909,Zebilla,20,0,,,True
1910,Accra,20,0,,,True
1913,Suhum,40,0,,,True
1916,Hassi Bounif,40,0,,,True
1917,Pouytenga,40,0,,,True
1918,Karaga,20,0,,,True
1921,New Tafo Akim,160,0,,,True
1922,Tenkodogo,40,0,,,True
1925,Nalerigu,20,0,,,True
1926,Nsawam,2560,0,,,True
1928,Koup‚la,40,0,,,True
1932,Bitou,40,0,,,True
1933,Arzew,640,0,,,True
1934,Adrar,80,0,,,True
1935,Koforidua,80,0,,,True
1937,Mecheria,40,0,,,True
1938,Bawku,40,0,,,True
1940,Gorom-Gorom,20,0,,,True
1941,Gushiegu,20,0,,,True
1942,Manni,20,0,,,True
1943,Sig,40,0,,,True
1944,Garu,20,0,,,True
1949,Bogand‚,20,0,,,True
1953,Kete Krachi,40,0,,,True
1954,Gao,80,0,,,True
1955,Dori,20,0,,,True
1956,Yendi,20,0,,,True
1957,Somanya,320,0,,,True
1958,Cinkass‚,40,0,,,True
1959,Wulensi,20,0,,,True
1962,Mostaganem,40,0,,,True
1963,Mohammadia,20,0,,,True
1964,Bimbila,20,0,,,True
1966,,20,0,,,True
1968,Mascara,40,0,,,True
1970,Saida,40,0,,,True
1972,Dambai,40,0,,,True
1974,Dapaong,40,0,,,True
1975,Bombouaka,20,0,,,True
1977,Korbongou,20,0,,,True
1982,Fada N'Gourma,40,0,,,True
1985,Ho,40,0,,,True
1986,Relizane,40,0,,,True
1987,Hohoe,20,0,,,True
1988,Sansann‚-Mango,20,0,,,True
1990,El Abiodh Sidi Cheikh,20,0,,,True
1992,Tatale,20,0,,,True
1994,Kpalim‚,40,0,,,True
1996,Kompienga,40,0,,,True
1997,T‚ra,20,0,,,True
1999,Bassar,80,0,,,True
2001,Akatsi,80,0,,,True
2002,Oued Rhiou,160,0,,,True
2007,Frenda,20,0,,,True
2009,Sotouboua,160,0,,,True
2011,Blitta-Gare,20,0,,,True
2013,Cobli,40,0,,,True
2014,Blitta,40,0,,,True
2015,Kand‚,20,0,,,True
2016,Materi,40,0,,,True
2018,Chettia,20,0,,,True
2019,Atakpam‚,40,0,,,True
2020,Lom‚,40,0,,,True
2021,Sokod‚,40,0,,,True
2023,Ash Shalif,40,0,,,True
2024,Tiaret,40,0,,,True
2025,Nots‚,40,0,,,True
2026,Kara,80,0,,,True
2028,Ani‚,40,0,,,True
2030,Ts‚vi‚,160,0,,,True
2031,Libiri,20,0,,,
2034,Tanguieta,80,0,,,True
2036,K‚tao,40,0,,,True
2037,Sougueur,20,0,,,True
2039,Lardjem,20,0,,,True
2041,Natitingou,160,0,,,True
2042,Tchamba,40,0,,,True
2044,Tillab‚ri,20,0,,,True
2047,Kantchari,20,0,,,True
2049,An‚ho,1280,0,,,True
2050,Tissemsilt,20,0,,,True
2052,Djougou,80,0,,,True
2053,Makalondi,20,0,,,True
2055,Ain Defla,80,0,,,True
2056,Lokossa,80,0,,,True
2058,Ti‚l‚l,20,0,,,
2059,Sirimbana,20,0,,,True
2060,Aflou,20,0,,,True
2062,Khemis Miliana,40,0,,,True
2063,Savalou,80,0,,,True
2064,Bohicon,160,0,,,True
2067,Niamey,20,0,,,True
2068,Ksar Chellala,20,0,,,True
2070,Whydah,40,0,,,True
2073,Tindji,80,0,,,True
2074,Allada,80,0,,,True
2077,Dassa-Zoum‚,80,0,,,True
2078,Cotonou,40,0,,,True
2081,Kollo,20,0,,,True
2084,Kolea ???????,80,0,,,True
2085,Say,20,0,,,True
2088,Medea,20,0,,,True
2089,Blida,40,0,,,True
2090,Banikoara,40,0,,,True
2091,OuŠssŠ,80,0,,,True
2092,Ksar El Boukhari,20,0,,,True
2095,Algiers,40,0,,,True
2096,Boufarik,20,0,,,True
2097,Laghouat,40,0,,,True
2098,Berrouaghia,40,0,,,True
2099,Ain Oussara,20,0,,,True
2100,Parakou,80,0,,,True
2101,Porto-Novo,40,0,,,True
2102,K‚tou,40,0,,,True
2103,,80,0,,,True
2105,El Menia,80,0,,,True
2107,PobŠ,40,0,,,True
2108,Hassi Bahbah,20,0,,,True
2109,Bougara,40,0,,,True
2110,Idiroko,320,0,,,True
2111,Larbaa,20,0,,,True
2113,Meftah,160,0,,,True
2114,Meko,40,0,,,True
2115,Birni N'Gaour‚,40,0,,,True
2116,Djelfa,20,0,,,True
2117,Khemis El Khechna,80,0,,,True
2118,Badagry,640,0,,,True
2120,Bal‚yara,20,0,,,True
2121,Kandi,20,0,,,True
2122,Owode,80,0,,,True
2124,Ilaro,80,0,,,True
2125,Lagos,20,0,,,True
2126,Aiyetoro,40,0,,,True
2128,Messaad,20,0,,,True
2132,Dosso,20,0,,,True
2134,Nikki,20,0,,,True
2136,Aiyete,20,0,,,True
2137,Bordj Menaiel,20,0,,,True
2139,Abeokuta,40,0,,,True
2140,Filingu‚,20,0,,,True
2141,Igbo Ora,40,0,,,True
2143,Ghardaia,80,0,,,True
2146,Sidi Aissa,20,0,,,True
2147,Ilero,40,0,,,True
2148,Iwere,20,0,,,True
2150,Malanville,20,0,,,True
2151,Saki,20,0,,,True
2153,Abala,20,0,,,True
2156,Otu,20,0,,,True
2157,Ogunrun-Ori,2560,0,,,True
2158,Bouira,20,0,,,True
2159,Gaya,20,0,,,True
2160,Ago Are,20,0,,,True
2161,Eruwa Titun,80,0,,,True
2165,Ikorodu,640,0,,,True
2170,Tizi Ouzou,320,0,,,True
2173,Iseyin,20,0,,,True
2174,Kamba,20,0,,,True
2175,Sagamu,160,0,,,True
2177,Bou Saada,20,0,,,True
2178,Ishara,80,0,,,True
2180,Lakuwe,2560,0,,,True
2182,Ilishan,80,0,,,True
2184,Igboho,20,0,,,True
2189,Ibadan,20,0,,,True
2190,Kishi,20,0,,,True
2191,Oyo,20,0,,,True
2192,Ijebu-Ode,160,0,,,True
2193,Ago-Iwoye,40,0,,,True
2196,Kaiama,40,0,,,True
2200,Epe,80,0,,,True
2201,Dogondoutchi,20,0,,,True
2202,Bunza,20,0,,,True
2203,M'Sila,40,0,,,True
2204,Ijebu-Igbo,20,0,,,True
2206,Dakingari,20,0,,,True
2207,Guerrara,40,0,,,True
2210,Igbeti,40,0,,,True
2211,Birnin Kebbi,40,0,,,True
2212,Iwo,20,0,,,True
2213,Bordj Bou Arreridjj,20,0,,,True
2214,Ikire,20,0,,,True
2215,Bagudo,20,0,,,True
2216,Ogbomosho,40,0,,,True
2222,Ejigbo,40,0,,,True
2223,Awbere,20,0,,,True
2224,Jega,20,0,,,True
2225,Gbongan,40,0,,,True
2230,Bejaia,80,0,,,True
2231,Ras El Oued,40,0,,,True
2232,Ede,40,0,,,True
2236,Erin-osun,160,0,,,True
2237,Koko,20,0,,,True
2238,Argungu,80,0,,,True
2239,New Bussa,20,0,,,True
2240,Ilorin,20,0,,,True
2241,Osogbo,80,0,,,True
2242,Ouled Djellal,20,0,,,True
2243,Ife,40,0,,,True
2248,Tambawal,20,0,,,True
2249,Aiye Coker,20,0,,,
2250,Wanikin,20,0,,,
2251,Inisa,40,0,,,True
2252,Aiyepe Olode,20,0,,,True
2254,Iragbiji,40,0,,,True
2255,A‹n Oulmane,80,0,,,True
2257,Ijagbo Offa,40,0,,,True
2259,Yelwa,80,0,,,True
2260,Ilesa,20,0,,,True
2261,Setif,40,0,,,True
2262,Eripa,40,0,,,True
2266,Barika,20,0,,,True
2267,Lerinin,20,0,,,True
2270,Okitipupa,40,0,,,True
2271,Tulqa,20,0,,,True
2273,Ondo,20,0,,,True
2274,Ouargla,40,0,,,True
2278,Ebute Irele,20,0,,,True
2281,Ile Oluji,20,0,,,True
2282,Ore,80,0,,,True
2283,Ila Orangun,80,0,,,True
2284,Effon Alaiye,80,0,,,True
2285,Imorun,20,0,,,True
2286,Mahuta,20,0,,,True
2287,Salka,20,0,,,True
2289,Share,40,0,,,True
2290,Kwara,20,0,,,True
2291,El Eulma,40,0,,,True
2293,Jijel,40,0,,,True
2294,Mokwa,40,0,,,True
2295,Ikoro,20,0,,,True
2296,Aramoko-Ekiti,20,0,,,True
2299,Igbara-Odo,20,0,,,True
2300,Isarun,20,0,,,True
2301,Biskra,40,0,,,True
2302,Gummi,20,0,,,True
2303,Ijero-Ekiti,20,0,,,True
2304,Bodinga,20,0,,,True
2305,Omu Aran,80,0,,,True
2306,Otun,40,0,,,True
2307,Ilawe-Ekiti,20,0,,,True
2308,Oke Atan,20,0,,,True
2309,Idanre,80,0,,,True
2311,Sokoto,20,0,,,True
2312,Akure,40,0,,,True
2313,Ido Ekiti,80,0,,,True
2315,Tahoua,20,0,,,True
2316,Gwadabawa,20,0,,,True
2318,Birni N'Konni,20,0,,,True
2319,Ado Ekiti,20,0,,,True
2320,Zuru,40,0,,,True
2321,Ikerre,40,0,,,True
2322,A‹n Touta,20,0,,,True
2323,Tuga Nama,20,0,,,True
2324,Rijau,20,0,,,True
2326,Tadjenanet,20,0,,,True
2327,Tamanrasset,40,0,,,True
2328,Dange,20,0,,,True
2330,Egosi,20,0,,,True
2332,Wurno,20,0,,,True
2333,Gulani,40,0,,,True
2336,Lafiagi,40,0,,,True
2337,Batna,40,0,,,True
2338,Tamacine,20,0,,,True
2339,Mara-Mawa,20,0,,,True
2340,Kontagora,40,0,,,True
2341,Ise,20,0,,,True
2343,Chelghoum Laid,20,0,,,True
2344,Dirinbaji,20,0,,,True
2345,Touggourt,40,0,,,True
2346,Ribah,20,0,,,True
2347,Koko Town,20,0,,,True
2348,Emure,20,0,,,True
2349,Ikole,20,0,,,True
2350,Mila,20,0,,,True
2351,Egbe,20,0,,,True
2352,Dogu‚raoua,20,0,,,True
2354,Benin City,20,0,,,True
2355,Owo,40,0,,,True
2356,Galmi,20,0,,,True
2357,Goronyo,20,0,,,True
2360,Sapele,80,0,,,True
2361,Ogharefe,160,0,,,True
2363,Warri,40,0,,,True
2364,Ke‹ta,20,0,,,True
2365,Tchin-Tabaradene,20,0,,,True
2366,Nasarawa,20,0,,,True
2371,Omuo-Obadore,40,0,,,True
2373,Igbe,40,0,,,True
2374,Akugba,80,0,,,True
2375,Pategi,40,0,,,True
2377,Constantine,20,0,,,True
2378,Ali Mendjeli,40,0,,,True
2379,Ain Mlila,20,0,,,True
2380,Oka-Akoko,20,0,,,True
2381,Ekeremor,20,0,,,True
2382,Ovwian,1280,0,,,True
2383,Isanlu Mopo,80,0,,,True
2385,Ekinrin,40,0,,,True
2386,Madaoua,20,0,,,True
2387,Oburigbene,20,0,,,True
2388,El Khroub,80,0,,,True
2391,Bena,20,0,,,True
2393,Amatebo,80,0,,,True
2396,Bida,20,0,,,True
2397,Aiyetoro,80,0,,,True
2398,Ughelli,40,0,,,True
2399,Mafara,20,0,,,True
2400,Skikda,80,0,,,True
2403,Ain Fakroun,40,0,,,True
2404,Kabba,40,0,,,True
2407,Ekpoma,160,0,,,True
2409,Ekogboro,80,0,,,True
2410,Amassoma,20,0,,,True
2411,Kod‚m‚o,20,0,,,
2412,Enwan,40,0,,,True
2413,El Oued,80,0,,,True
2414,Okene,20,0,,,True
2415,Agbor,80,0,,,True
2416,Obinomba,40,0,,,True
2419,Irri,20,0,,,True
2421,Agwa,320,0,,,True
2424,Magagindoke,20,0,,,True
2425,Ozoro,80,0,,,True
2426,Auchi,80,0,,,True
2427,Oum El Bouaghi,40,0,,,True
2428,Brass,20,0,,,True
2430,Yenagoa,160,0,,,True
2433,Agaie,20,0,,,True
2434,Khenchela,40,0,,,True
2435,Uromi,160,0,,,True
2436,Owerre,40,0,,,True
2438,Isa,20,0,,,True
2443,Onitu,20,0,,,True
2444,Biantubu,20,0,,,True
2446,Shinkafi,40,0,,,True
2447,Opaetensm,80,0,,,True
2450,Minna,20,0,,,True
2451,Ungwan Shekaro,40,0,,,True
2453,Guelma,20,0,,,True
2454,Ain Beida,20,0,,,True
2455,Kaura-Namoda,20,0,,,True
2456,Eulma,20,0,,,True
2457,Ogwashi Uku,80,0,,,True
2460,Tudun Wada,20,0,,,True
2462,Gusau,40,0,,,True
2464,Guidan Roumdji,20,0,,,True
2465,Sefu,20,0,,,True
2466,Sedrata,20,0,,,True
2468,Uduagba,40,0,,,True
2470,Akabuka,160,0,,,True
2471,Asaba,80,0,,,True
2472,Omoko,40,0,,,True
2473,Omenama,20,0,,,True
2476,Agenebode,80,0,,,True
2478,Lokoja,320,0,,,True
2479,Soku,20,0,,,
2480,Annaba,20,0,,,True
2481,Awala,20,0,,,True
2482,Idah,160,0,,,True
2483,Okwuzu,80,0,,,True
2484,Onitsha,80,0,,,True
2485,S?o Tom‚,80,0,,,True
2487,I-n-Gall,20,0,,,True
2488,Kwayamisi,20,0,,,True
2489,Krakrama,20,0,,,True
2490,Ojaima,20,0,,,True
2491,Amaigbo,160,0,,,True
2492,Elele,20,0,,,True
2495,Ozu,2560,0,,,True
2496,Chafe,20,0,,,True
2497,Cheria,20,0,,,True
2498,Ibi,2560,0,,,True
2499,Bugama,20,0,,,True
2500,M'Daourouch,20,0,,,True
2503,Abaji,40,0,,,True
2505,Omo,20,0,,,True
2508,Souk Ahras,20,0,,,True
2509,Tibiri,80,0,,,True
2510,Orogwe,20,0,,,True
2511,Port Harcourt,40,0,,,True
2512,Maradi,20,0,,,True
2513,,20,0,,,True
2515,Owerri,2560,0,,,True
2517,Omema,20,0,,,True
2520,Gwagwalada,20,0,,,True
2522,Awka,2560,0,,,True
2525,Doka Ashafa,20,0,,,True
2526,Gidan Mai Ungwan,20,0,,,True
2528,Osina,2560,0,,,True
2530,Okrika,20,0,,,True
2534,,20,0,,,
2536,Ata,80,0,,,True
2537,Oyigbo,1280,0,,,True
2539,Tebessa,40,0,,,True
2540,Djibia,40,0,,,True
2541,Maji,20,0,,,True
2542,Alesa,2560,0,,,True
2544,Abuja,160,0,,,True
2545,Bir El Ater,40,0,,,True
2546,Bonny,20,0,,,True
2547,Batsari,80,0,,,True
2548,Ayangba,40,0,,,True
2550,Onne,20,0,,,True
2551,,20,0,,,True
2552,Madalla,640,0,,,True
2553,Kuje,160,0,,,True
2555,Umu Oye,80,0,,,True
2557,Oboama Nguru,40,0,,,True
2558,Lawmu Umunze,40,0,,,True
2561,Funtua,20,0,,,True
2562,Wakama,20,0,,,True
2565,Abuja,20,0,,,True
2566,Bodo,20,0,,,True
2568,Owerri Nta,20,0,,,True
2569,Mogho,20,0,,,True
2570,Kaduna,20,0,,,True
2571,Ikolo,40,0,,,True
2573,Rubuchi,80,0,,,True
2574,Aba,20,0,,,True
2576,Bwari,640,0,,,True
2577,Umu Lawlaw,20,0,,,True
2578,Kura,20,0,,,True
2579,Ozala,20,0,,,
2580,Tchadoua,20,0,,,True
2581,Okwuohia,2560,0,,,True
2582,Kauran Yankwani,40,0,,,True
2583,Nsukka,160,0,,,True
2587,Umuellem,80,0,,,True
2588,Bori,20,0,,,True
2589,Egbomu,20,0,,,
2590,Ungwan Maidawa,20,0,,,True
2591,Obukpa,1280,0,,,True
2592,Shema,20,0,,,True
2593,Enugu,20,0,,,True
2595,Umu Oko,40,0,,,True
2596,Ngo,80,0,,,True
2597,Enugu-Ezike,80,0,,,True
2598,Avodim,1280,0,,,True
2599,Umu Ezegu,20,0,,,True
2600,Ovoko,1280,0,,,True
2601,Umuahia,160,0,,,True
2602,Katsina,20,0,,,True
2603,Awgu,40,0,,,True
2604,Itaja,1280,0,,,True
2606,Umundi,640,0,,,True
2607,Mgboo,40,0,,,True
2608,Kpeyi,2560,0,,,True
2609,Ado,160,0,,,True
2610,Agbani,160,0,,,True
2611,Nenwe,80,0,,,True
2613,Malumfashi,20,0,,,True
2614,Nwaigwe,20,0,,,
2615,Opobo,20,0,,,True
2616,Ishiagu,20,0,,,True
2617,Amaba,640,0,,,True
2618,Mayahi,20,0,,,True
2619,Umuokorola,20,0,,,True
2620,Ikot Akpanata,80,0,,,True
2622,Nkek,80,0,,,True
2623,Samaru,2560,0,,,True
2624,Ankpa,80,0,,,True
2625,Zaria,20,0,,,True
2626,Otukpa,320,0,,,True
2627,Obuohia,20,0,,,True
2628,El Kef,80,0,,,True
2629,Kuwatau,20,0,,,True
2632,Akote,20,0,,,True
2633,Agui‚,20,0,,,True
2634,Jendouba,20,0,,,True
2635,,20,0,,,
2636,Tamaha,80,0,,,True
2638,Ikporom,20,0,,,
2639,Ikot Ekpene,80,0,,,True
2640,Doka,40,0,,,True
2642,Abiriba,40,0,,,True
2643,Esana,40,0,,,True
2644,Tukurwa,20,0,,,True
2645,Eha Amufu,20,0,,,True
2646,Uburu,20,0,,,True
2647,Ikot Obio Ekpong,40,0,,,True
2648,Kasserine,40,0,,,True
2649,Agadez,80,0,,,True
2650,Ugbokolo,20,0,,,True
2651,Onuankwo,20,0,,,
2652,Ediene,40,0,,,True
2654,Qafsa,40,0,,,True
2655,Gazaoua,20,0,,,True
2657,Ungwan Tamowa,20,0,,,True
2658,Mashi,20,0,,,True
2659,Elu,40,0,,,True
2660,Keffi,40,0,,,True
2661,Ekeje,20,0,,,True
2662,Ogwuma,20,0,,,True
2663,Ukap Itak,20,0,,,True
2664,Ikot Obioko,20,0,,,
2665,Okom,20,0,,,True
2666,Gwarzo,20,0,,,True
2667,Ibiaku Ikot Ukpong,320,0,,,True
2668,Tessaoua,20,0,,,True
2669,Ikot Ide,20,0,,,True
2671,Tsanyawa,20,0,,,True
2672,Getso,20,0,,,True
2673,Amakofia,40,0,,,True
2674,Uyo,80,0,,,True
2675,Ikot Esen Oku,20,0,,,
2676,Kadafa,20,0,,,True
2677,Ozizza,20,0,,,True
2678,Eket,80,0,,,True
2679,Koi,40,0,,,True
2680,Mbikpong Atai,80,0,,,True
2681,Soba,20,0,,,True
2683,Nsukara Offot,80,0,,,True
2685,Mkpanak,40,0,,,True
2686,B‚ja,40,0,,,True
2687,Ikot Ebiyan,20,0,,,
2688,Utunkon,20,0,,,True
2689,Idembia,20,0,,,True
2690,Odoro Atasong,20,0,,,
2691,Bagwai,20,0,,,True
2692,Buraimawa,20,0,,,True
2694,Sbeitla,20,0,,,True
2696,Ugep,20,0,,,True
2697,Unguwan Larawa,20,0,,,True
2698,Abakaliki,80,0,,,True
2699,Otukpo,20,0,,,True
2700,Maturrumi,20,0,,,True
2701,Bichi,20,0,,,True
2702,Obufi,20,0,,,True
2703,Zango,20,0,,,True
2704,Ungwan Sarki,20,0,,,True
2705,Achara Ndiagu Omegio,20,0,,,
2707,Tarzoho,20,0,,,True
2708,Daura,20,0,,,True
2709,Ebighi Edu,20,0,,,
2711,Oron,20,0,,,True
2712,Kafanchan,20,0,,,True
2714,Abuna,20,0,,,True
2715,Mkpumeakwaokoro,20,0,,,
2717,Kano,20,0,,,True
2718,kazaure,20,0,,,True
2719,Tudun Wada,20,0,,,True
2720,Anchau,40,0,,,True
2721,Doma,20,0,,,True
2722,Calabar,40,0,,,True
2723,Kura,20,0,,,True
2724,Kagoro,80,0,,,True
2726,Adum East,20,0,,,True
2728,MatamŠye,20,0,,,True
2729,Akwanga,40,0,,,True
2731,Zango,20,0,,,True
2732,Sidi Bouzid,40,0,,,True
2735,Dambarta,20,0,,,True
2736,Oju,40,0,,,True
2737,Kpam,40,0,,,True
2739,Lafia,40,0,,,True
2740,Makurdi,80,0,,,True
2741,Rano,20,0,,,True
2742,Dawaki Kudu,40,0,,,True
2743,Nassarawan Eggon,20,0,,,True
2745,Manzil Bourguiba,20,0,,,True
2746,Ungwan Bahagu,20,0,,,True
2747,Bizerte,80,0,,,True
2751,Jaja,40,0,,,True
2752,Samunakar,80,0,,,True
2754,Uva,40,0,,,True
2755,Regueb,20,0,,,True
2756,Bassa,40,0,,,True
2758,Ikom,20,0,,,True
2759,Tanout,20,0,,,True
2760,Garko,20,0,,,True
2761,El Hamma,40,0,,,True
2762,Malabo,160,0,,,True
2763,Wudil,20,0,,,True
2764,Okuku Lepuole,20,0,,,True
2765,Jos,80,0,,,True
2766,Keana,20,0,,,True
2767,Tunis,80,0,,,True
2768,Magaria,20,0,,,True
2769,Nshebori,20,0,,,True
2772,Port-Gentil,640,0,,,True
2775,Zinder,20,0,,,True
2777,Barakin Gangare,40,0,,,True
2778,Yarogye,40,0,,,True
2780,Sumaila,20,0,,,True
2781,Sidi Amor Bou Hajla,20,0,,,True
2783,Kairouan,40,0,,,True
2785,Gaya,20,0,,,True
2787,Bokkos,20,0,,,True
2789,Gboko,20,0,,,True
2790,Gabes,80,0,,,True
2792,Hammam-Lif,1280,0,,,True
2793,Takai,40,0,,,True
2795,Vande Ikya,20,0,,,True
2796,Namu,20,0,,,True
2797,Ringim,20,0,,,True
2800,Mongu Arna,20,0,,,True
2803,Tsangaya,20,0,,,True
2804,Mbacub,20,0,,,True
2805,Obudu,40,0,,,True
2808,Limb‚,160,0,,,True
2810,Arafu,20,0,,,True
2811,Adikpo,40,0,,,True
2813,Dutse,80,0,,,True
2814,Katsina Ala,20,0,,,True
2815,Hammamet,320,0,,,True
2816,Sousse,160,0,,,True
2817,Gumel,20,0,,,True
2819,Mamfe,40,0,,,True
2820,M'Saken,2560,0,,,True
2821,Maigatari,20,0,,,True
2822,Ugba,40,0,,,True
2823,Tiko,20,0,,,True
2824,Gwolong,40,0,,,True
2825,Point Denis,20,0,,,True
2828,Tataouine,80,0,,,True
2829,Birnin Kudu,20,0,,,True
2831,Medenine,80,0,,,True
2832,Muyuka,80,0,,,True
2834,Libreville,160,0,,,True
2835,Kumba,40,0,,,True
2836,Bununu Dass,20,0,,,True
2837,Sfax,80,0,,,True
2838,Ningi,20,0,,,True
2839,Shendam,20,0,,,True
2840,Kiyawa,40,0,,,True
2841,Tafawa-Balewa,40,0,,,True
2842,Al Munastir,160,0,,,True
2843,Dimiskir,20,0,,,
2844,Jahun,20,0,,,True
2846,Samammiya,20,0,,,True
2847,Zaki Biam,20,0,,,True
2848,Ksar Hellal,160,0,,,True
2850,Douala,20,0,,,True
2853,Bauchi,20,0,,,True
2855,Langtang,80,0,,,True
2856,Wukari,20,0,,,True
2857,Mahdia,80,0,,,True
2858,Anguwan Ari,20,0,,,True
2859,Malummaduri,20,0,,,True
2861,Bata,80,0,,,True
2864,Jemma?are,20,0,,,True
2866,Hadejia,20,0,,,True
2867,Dengi,20,0,,,True
2869,Wase,40,0,,,True
2870,Bela,20,0,,,True
2871,Kribi,80,0,,,True
2872,Shira,20,0,,,True
2873,Nkongsamba,80,0,,,True
2874,Takum,20,0,,,True
2876,Donga,20,0,,,True
2877,Dschang,640,0,,,True
2878,Ben Gardane,160,0,,,True
2879,Wum,20,0,,,True
2880,Azare,20,0,,,True
2882,Giade,20,0,,,True
2883,Bamenda,160,0,,,True
2884,Ed‚a,80,0,,,True
2890,Soro,20,0,,,True
2891,Katagum,20,0,,,True
2893,Masuri,20,0,,,True
2894,Mbouda,80,0,,,True
2896,Nguru,20,0,,,True
2898,Katsiro,20,0,,,True
2899,Sarkin Kudu,20,0,,,
2900,Misau,20,0,,,True
2901,Bafoussam,640,0,,,True
2903,Gamawa,20,0,,,True
2904,Ndop,40,0,,,True
2906,Dundewa,20,0,,,True
2913,Damban,20,0,,,True
2915,Foumbot,40,0,,,True
2917,Jakusko,20,0,,,True
2918,Kumbo,80,0,,,True
2919,Dukku,20,0,,,True
2920,Nkambe,80,0,,,True
2922,Mutum Biyu,40,0,,,True
2928,Foumban,40,0,,,True
2929,Gashua,40,0,,,True
2930,Bojude,20,0,,,True
2931,Potiskum,20,0,,,True
2932,Gombe,40,0,,,True
2934,Makak,20,0,,,True
2938,Biliri,20,0,,,True
2940,Ebolowa,40,0,,,True
2941,,20,0,,,
2943,Fika,20,0,,,True
2944,Damagum,20,0,,,True
2945,Kaltungo,40,0,,,True
2946,Bafia,80,0,,,True
2947,Gembu,20,0,,,True
2948,Jalingo,80,0,,,True
2949,Surman,2560,0,,,True
2950,Dolkoi,20,0,,,True
2953,Bajoga,20,0,,,True
2954,Al Zawiyah,2560,0,,,True
2955,,20,0,,,True
2956,Bukari,20,0,,,True
2957,Awak,20,0,,,True
2958,Deba Kowa,40,0,,,True
2961,Yaounde,20,0,,,True
2962,Ngelzarma,20,0,,,True
2963,Mbalmayo,40,0,,,True
2967,Tombua,80,0,,,True
2969,Talasse,40,0,,,True
2970,Oyem,160,0,,,True
2971,Tripoli,1280,0,,,True
2972,Biriri,20,0,,,True
2975,Zinna,20,0,,,True
2977,Geidam,20,0,,,True
2978,Banyo,20,0,,,True
2981,Damaturu,80,0,,,True
2982,Pointe-Noire,160,0,,,True
2983,Guyuk,20,0,,,True
2984,Buni Yadi,20,0,,,True
2985,Namibe,40,0,,,True
2986,Mongo Kamba,1280,0,,,True
2987,Shellem,20,0,,,True
2990,Numan,80,0,,,True
2993,Maya Belwa,20,0,,,True
2994,Sangasumi,20,0,,,True
2995,Sangm‚lima,160,0,,,True
2997,Biu,20,0,,,True
2999,Jada,40,0,,,True
3002,Cabinda,80,0,,,True
3005,Mayo Hako,20,0,,,
3007,Dumne,20,0,,,True
3008,Jimeta,80,0,,,True
3009,Damask,20,0,,,True
3010,Moanda,80,0,,,True
3011,Soyo,640,0,,,True
3013,Benisheikh,20,0,,,True
3018,Yola,320,0,,,True
3020,Diffa,40,0,,,True
3022,Dakri,40,0,,,True
3023,Girei,20,0,,,True
3024,Song,20,0,,,True
3025,Tibati,160,0,,,True
3028,Gubio,20,0,,,True
3029,Damboa,20,0,,,True
3030,Gombi,40,0,,,True
3033,Goniri,20,0,,,True
3035,Djoum,40,0,,,True
3037,Chibok,20,0,,,True
3039,Khoms,2560,0,,,True
3041,N'Guigmi,20,0,,,True
3042,Qabilat alturki,1280,0,,,True
3044,Maiduguri,20,0,,,True
3046,Tshela,40,0,,,True
3048,Tchorogui,20,0,,,
3050,Luanda,20,0,,,True
3052,Lemba Village,40,0,,,True
3053,Boma,40,0,,,True
3055,Gajiram,20,0,,,True
3058,Zliten,2560,0,,,True
3059,Uba,160,0,,,True
3061,Mubi,20,0,,,True
3062,Djalingo,20,0,,,True
3064,Benguela,80,0,,,True
3065,Lubango,40,0,,,True
3067,Ngaoundal,40,0,,,True
3068,Moanda,160,0,,,True
3070,Michika,20,0,,,True
3071,Garoua,20,0,,,True
3072,Nkayi,20,0,,,True
3073,Kinzao,20,0,,,True
3075,Duda,20,0,,,True
3076,Dirbishi,20,0,,,
3078,Gulak,20,0,,,True
3079,Panguila,80,0,,,True
3081,Sibiti,40,0,,,True
3082,Lobito,80,0,,,True
3086,Pitoa,80,0,,,True
3087,Chibia,20,0,,,True
3088,Monguno,20,0,,,True
3089,Matadi,80,0,,,True
3090,Sabha,80,0,,,True
3094,Madagali,40,0,,,True
3095,Misrata,160,0,,,True
3097,Ngaound‚r‚,40,0,,,True
3098,Jaudiri,20,0,,,True
3099,Gwoza,20,0,,,True
3100,Caxito,80,0,,,True
3101,Baga,20,0,,,True
3103,Porto Amboim,80,0,,,True
3105,Ngoshe,20,0,,,True
3106,Bertoua,160,0,,,True
3108,Mokolo,20,0,,,True
3109,Sumbe,160,0,,,True
3111,Dikwa,20,0,,,True
3112,Koza,20,0,,,True
3113,Chibemba,20,0,,,
3116,Guider,20,0,,,True
3117,Walvis Bay,40,0,,,True
3119,Karewa,80,0,,,True
3125,Bocoio,20,0,,,True
3127,Mora,20,0,,,True
3128,Ngala,20,0,,,True
3129,Banki,20,0,,,True
3131,Gamboru,20,0,,,True
3133,Cubal,20,0,,,True
3136,???? ???? Baga-Sola,20,0,,,True
3137,Dargala,20,0,,,True
3138,Tchollir‚,20,0,,,True
3139,Rey Bouba,20,0,,,True
3140,Rig-Rig,20,0,,,True
3141,Maroua,40,0,,,True
3142,Lere,40,0,,,True
3143,Vila Nova do Seles,40,0,,,True
3144,M'banza Congo,80,0,,,True
3145,Gabela,40,0,,,True
3147,Meiganga,40,0,,,True
3148,Quipungo,40,0,,,True
3149,Kaele,20,0,,,True
3151,Guemu,20,0,,,True
3152,Batouri,40,0,,,True
3157,Kimpese,80,0,,,True
3158,Ganda,20,0,,,True
3160,Caluquembe,80,0,,,True
3163,Bol,20,0,,,True
3169,Garoua-Boula‹,40,0,,,True
3171,Balombo,80,0,,,True
3172,Guidiguis,20,0,,,True
3173,Xangongo,20,0,,,True
3175,Chicomba,20,0,,,True
3176,Kwilu-Ngongo,40,0,,,True
3177,Guirvidig,20,0,,,True
3178,Matala,80,0,,,True
3180,Moulvoudaye,20,0,,,True
3183,Maga,20,0,,,True
3184,Calulo,40,0,,,True
3186,N'Djamena,20,0,,,True
3187,Pala,20,0,,,True
3188,N'dalatando,40,0,,,True
3189,Caconda,20,0,,,True
3192,Mbanza-Ngungu,320,0,,,True
3197,Waku Kungo,80,0,,,True
3198,U¡ge,40,0,,,True
3199,?????? Fianga,20,0,,,True
3200,Longonjo,20,0,,,True
3201,Sirte,320,0,,,True
3202,Kisantu,160,0,,,True
3203,Mao,20,0,,,True
3204,Yokadouma,80,0,,,True
3207,Yagoua,20,0,,,True
3209,Kinshasa,20,0,,,True
3210,Negage,80,0,,,True
3211,Brazzaville,160,0,,,True
3212,Bongor,20,0,,,True
3213,Touboro,40,0,,,True
3214,Ondjiva,20,0,,,True
3215,Nao,20,0,,,
3217,Calilongue,40,0,,,True
3220,Gu‚lendeng,20,0,,,True
3221,,20,0,,,True
3222,Kibomango,2560,0,,,True
3224,,20,0,,,True
3225,Oshikango,80,0,,,True
3226,M‚chim‚r‚,20,0,,,True
3227,Huambo,40,0,,,True
3228,Massakory,20,0,,,True
3229,Bouar,80,0,,,True
3231,Bailundo,20,0,,,True
3232,??????? Dourbali,20,0,,,True
3233,???? Kelo,160,0,,,True
3234,Jamba,40,0,,,True
3237,Blassari,20,0,,,True
3238,,20,0,,,True
3239,Carnot,40,0,,,True
3241,Owando,160,0,,,True
3245,Moundou,20,0,,,True
3247,Katchiungo,20,0,,,True
3249,,40,0,,,True
3250,Nola,20,0,,,True
3251,Ou‚sso,40,0,,,True
3254,Chinguar,40,0,,,True
3257,La‹,20,0,,,True
3258,Malanje,40,0,,,True
3260,Windhoek,20,0,,,True
3262,Bourkouri,20,0,,,
3264,,20,0,,,True
3268,Cape Town,20,0,,,True
3273,Chitembo,80,0,,,True
3275,Andulo,20,0,,,True
3276,Atlantis,20,0,,,True
3277,,20,0,,,True
3278,Gore,20,0,,,True
3282,Kuito,40,0,,,True
3283,Bayandet,20,0,,,True
3284,Doba,40,0,,,True
3285,Kasongo-Lunda,20,0,,,True
3286,Somerset West,40,0,,,True
3290,Stellenbosch,20,0,,,True
3291,Bokoro,20,0,,,True
3302,Paarl,20,0,,,True
3305,Kenge,40,0,,,True
3306,Kokanti,20,0,,,True
3307,Catabola,40,0,,,True
3308,??????? Bedjomo,20,0,,,True
3315,Camacupa,40,0,,,True
3317,Yao,20,0,,,True
3318,Menongue,40,0,,,True
3319,Bandundu,80,0,,,True
3320,Worcester,20,0,,,True
3322,Koumra,20,0,,,True
3330,??????? Mo‹ssala,20,0,,,True
3336,Cafunfo,40,0,,,True
3341,?????? Bitkine,20,0,,,True
3345,Ati,20,0,,,True
3347,Dongou,20,0,,,True
3348,Impfondo,20,0,,,True
3349,Benghazi,80,0,,,True
3352,Sarh,20,0,,,True
3353,Mbandaka,20,0,,,True
3358,Ajdabiya,80,0,,,True
3360,Danamadji,40,0,,,True
3361,Mongo,20,0,,,True
3363,Bangui,40,0,,,True
3364,B‚tou,40,0,,,True
3365,Faya-Largeau,20,0,,,True
3366,Badokwa,2560,0,,,True
3368,Moyenne Sido,40,0,,,True
3370,Marj,20,0,,,True
3371,Kikwit,40,0,,,True
3372,????? Kyab‚,20,0,,,True
3374,Kahemba,20,0,,,True
3379,Makanza,40,0,,,True
3388,Mangalm‚,20,0,,,True
3390,Umm Hajar,20,0,,,True
3395,Bayda,40,0,,,True
3397,Idiofa,160,0,,,True
3398,Upington,40,0,,,True
3399,Luena,80,0,,,True
3400,Mossel Bay,80,0,,,True
3403,Gemena,20,0,,,True
3406,Basankusu,20,0,,,True
3407,Oudtshoorn,40,0,,,True
3410,George,20,0,,,True
3412,Am Timan,20,0,,,True
3415,Saurimo,20,0,,,True
3418,Karawa,40,0,,,True
3419,Derna,80,0,,,True
3422,Ab‚ch‚,20,0,,,True
3424,Binga,80,0,,,True
3428,Biltine,20,0,,,True
3430,Ilebo,40,0,,,True
3432,Lucapa,640,0,,,True
3433,Bambari,80,0,,,True
3434,Tshikapa,20,0,,,True
3435,Dundo,160,0,,,True
3440,Businga,80,0,,,True
3441,Boende,20,0,,,True
3443,Gbadolite,40,0,,,True
3446,Goz Be‹da,20,0,,,True
3452,Kakumba,20,0,,,True
3454,Lwebo,40,0,,,True
3456,Lisala,20,0,,,True
3457,Mweka,80,0,,,True
3459,Tobruk,40,0,,,True
3463,Guereda,20,0,,,True
3470,Iriba,20,0,,,True
3471,???? Adr‚,20,0,,,True
3472,Kakenge,20,0,,,True
3473,Bria,40,0,,,True
3474,Luau,80,0,,,True
3475,Geneina,20,0,,,True
3476,,20,0,,,
3478,,20,0,,,True
3479,Dilolo,40,0,,,True
3480,Bena-Leka,20,0,,,True
3483,Demba,20,0,,,True
3484,For Baranga,20,0,,,True
3485,Luiza,40,0,,,True
3486,Kananga,20,0,,,True
3487,Tina,20,0,,,True
3489,Yakoma,40,0,,,True
3491,Bumba,40,0,,,True
3493,Karyari,20,0,,,True
3494,Murnei,20,0,,,True
3495,Maun,160,0,,,True
3496,Cazombo,40,0,,,True
3497,KwaNobuhle 1,20,0,,,True
3499,Mongu,640,0,,,True
3500,Uitenhage,80,0,,,True
3504,Sandoa,40,0,,,True
3505,Port Elizabeth,20,0,,,True
3507,Um Dukhan,20,0,,,True
3508,Tambue-Mwenza,20,0,,,True
3509,Zambezi,640,0,,,True
3510,Tshimbulu,20,0,,,True
3511,Kimberley,40,0,,,True
3513,Lukulu,640,0,,,True
3514,,20,0,,,True
3515,Wells Estate,20,0,,,True
3519,Saraf `Umrah,20,0,,,True
3520,Tshiamala,20,0,,,True
3521,,20,0,,,True
3522,,20,0,,,
3523,Gnalida,20,0,,,True
3525,Zalingei,40,0,,,True
3529,Kabeya-Kamuanga,40,0,,,True
3530,Kasaji,40,0,,,True
3531,Kahinda,40,0,,,True
3538,Mwene-Ditu,40,0,,,True
3541,Mbuji-Mayi,20,0,,,True
3543,Bena Tshishimbi,40,0,,,True
3544,Lukalaba,20,0,,,True
3545,Basoko,80,0,,,True
3547,Bondo,40,0,,,True
3548,Kebkabiya,20,0,,,True
3551,,20,0,,,
3552,Makhanda (Grahamstown),40,0,,,True
3555,Aketi,20,0,,,True
3556,,20,0,,,True
3558,Kanye,20,0,,,True
3560,Ngandajika,80,0,,,True
3561,Kas,20,0,,,True
3563,Mafikeng,160,0,,,True
3566,Ed Al Fursan,20,0,,,True
3568,Kanyama,20,0,,,True
3571,Bloemfontein,20,0,,,True
3573,Mwinilunga,320,0,,,True
3574,Lobatse,20,0,,,True
3577,Opala,20,0,,,True
3578,Tulus,20,0,,,True
3579,Komani (Queenstown),20,0,,,True
3580,,20,0,,,True
3582,Kaoma,320,0,,,True
3583,Um Danga,20,0,,,True
3584,Mmopane,160,0,,,True
3586,Kabinda,40,0,,,True
3587,Gaborone,80,0,,,True
3590,,20,0,,,
3593,Jidad,20,0,,,
3595,Botshabelo Rural,40,0,,,True
3596,Nyala,20,0,,,True
3597,Botshabelo,20,0,,,True
3601,Marsa Matruh?,160,0,,,True
3602,Buta,20,0,,,True
3605,Jouberton,80,0,,,True
3607,Uitkomsdal,20,0,,,True
3608,Kutlwanong,20,0,,,True
3610,Kamina,40,0,,,True
3611,Bronville,40,0,,,True
3612,Lilian Ngoyi Village,20,0,,,True
3614,Buram,20,0,,,True
3615,Al-Fashir,20,0,,,True
3617,East London,20,0,,,True
3621,Mellit,20,0,,,True
3622,Livingstone,320,0,,,True
3624,Kolwezi,160,0,,,True
3625,Kisangani,40,0,,,True
3627,Potchefstroom,40,0,,,True
3629,Shearia,20,0,,,True
3630,Kroonstad,20,0,,,True
3631,Maseru,20,0,,,True
3632,Banalia,20,0,,,True
3633,Umm Siado??,20,0,,,True
3634,,20,0,,,True
3636,Ubundu,20,0,,,True
3637,Itezhi-Tezhi,160,0,,,True
3638,Kabongo,40,0,,,True
3640,Kabondo-Dianda,20,0,,,True
3641,Kabongo,40,0,,,True
3642,Raja,160,0,,,True
3644,Rustenburg,80,0,,,True
3645,Khutsong,20,0,,,True
3648,,20,0,,,True
3649,Paardekraal,80,0,,,True
3650,Luena,40,0,,,True
3652,Lubao,20,0,,,True
3653,Kalomo,320,0,,,True
3658,Ad Da'ein,20,0,,,True
3659,Palapye,20,0,,,True
3660,Ango,20,0,,,True
3662,Kitenge,40,0,,,True
3663,Kindu,40,0,,,True
3664,Abu Matarig,20,0,,,True
3665,Stesa AH,40,0,,,True
3666,,20,0,,,
3667,Vanderbijlpark,80,0,,,True
3668,Modderspruit,20,0,,,True
3669,Sasolburg,40,0,,,True
3671,Azaadville,20,0,,,True
3672,Evaton,40,0,,,True
3673,Johannesburg,40,0,,,True
3676,Solwezi,1280,0,,,True
3677,Lenasia South,320,0,,,True
3678,Lenasia,40,0,,,True
3679,Fungurume,80,0,,,True
3681,Wheielers farm settlement,20,0,,,True
3683,Kakanda,40,0,,,True
3685,,20,0,,,
3689,Ga-Rankuwa,2560,0,,,True
3690,Bethlehem,40,0,,,True
3691,,20,0,,,True
3692,Umm Kadadah,20,0,,,True
3693,Diepsloot,20,0,,,True
3695,Kikondja,20,0,,,True
3696,Choma,320,0,,,True
3697,Klipgat,640,0,,,True
3698,Pretoria,160,0,,,True
3699,Kambove,20,0,,,True
3700,Midrand,2560,0,,,True
3703,Samba,40,0,,,True
3704,Mnandi A.H.,2560,0,,,True
3705,,20,0,,,True
3706,Francistown,20,0,,,True
3707,Centurion,1280,0,,,True
3709,Likasi,40,0,,,True
3710,,20,0,,,
3711,Punia,40,0,,,True
3713,,20,0,,,True
3714,,20,0,,,True
3716,Lwambo,80,0,,,True
3717,Mumbwa,320,0,,,True
3718,Tsakane,640,0,,,True
3719,De Rust Caravan Park,2560,0,,,True
3721,Daveyton,1280,0,,,True
3722,Phuthaditjhaba,40,0,,,True
3724,Lubutu,80,0,,,True
3726,Kasongo,80,0,,,True
3727,Malemba Nkulu,20,0,,,True
3728,Kingombe,40,0,,,True
3730,Adiela,20,0,,,True
3732,Mukanga,20,0,,,True
3733,Gwaai,20,0,,,
3736,Monze,320,0,,,True
3740,Kabalo,40,0,,,True
3741,Ankoro,40,0,,,True
3742,Mulongo,20,0,,,True
3745,Mukubu,20,0,,,True
3746,Kipushi,20,0,,,True
3747,,20,0,,,
3748,Kongolo,20,0,,,True
3749,Mwadingusha,20,0,,,True
3750,Ghubaysh,20,0,,,True
3751,Alexandria,160,0,,,True
3752,Kyolo,20,0,,,True
3753,KwaMhlanga,80,0,,,True
3756,Lubumbashi,20,0,,,True
3758,Wamaza,80,0,,,True
3759,Mazabuka,320,0,,,True
3760,Ermil Post,20,0,,,True
3761,eMbalenhle,20,0,,,True
3764,Standerton,40,0,,,True
3765,Aweil,320,0,,,True
3766,Mpose,20,0,,,True
3767,Manono,20,0,,,True
3768,Vosman,20,0,,,True
3771,,20,0,,,True
3773,Shabunda,20,0,,,True
3774,Emalahleni,20,0,,,True
3776,Mokopane,80,0,,,True
3777,Bulawayo,160,0,,,True
3778,Tambura,320,0,,,True
3779,Ezo,80,0,,,True
3780,Kasumbalesa,160,0,,,True
3782,Hamrat El Sheikh,20,0,,,True
3783,Umm Badr,20,0,,,True
3784,Malualkon,20,0,,,True
3785,Chililabombwe,640,0,,,True
3786,Chingola,320,0,,,True
3787,Muglad,20,0,,,True
3789,Idku,20,0,,,True
3790,Babanusah,40,0,,,True
3792,Kafue,640,0,,,True
3793,Abu Huminus,20,0,,,True
3794,Izbat Bahnasi,80,0,,,True
3796,Hawsh Isa,20,0,,,True
3798,Lusaka,40,0,,,True
3799,Middelburg,40,0,,,True
3800,Rosetta,20,0,,,True
3801,Ezakheni,80,0,,,True
3803,Isiro,40,0,,,True
3804,Damanhur,20,0,,,True
3806,Mutubis,20,0,,,True
3807,Fuwah,20,0,,,True
3810,Akon,20,0,,,
3811,Kitwe,160,0,,,True
3812,Edendale,80,0,,,True
3813,Delingat,80,0,,,True
3814,Polokwane,80,0,,,True
3815,Kuajok,40,0,,,True
3816,Al Zayyatin al Qibliyah,20,0,,,True
3817,Desouk,20,0,,,True
3818,Mufulira,320,0,,,True
3819,Wau,160,0,,,True
3820,Sadat City,640,0,,,True
3821,Osizweni,40,0,,,True
3822,Kabwe,320,0,,,True
3823,Pietermaritzburg,320,0,,,True
3824,Mubi,20,0,,,True
3827,Itay el-Barud,40,0,,,True
3828,Shubra Khit,20,0,,,True
3830,Ezbet Ahmad al Ballasi,20,0,,,True
3831,Nyunzu,20,0,,,True
3832,Nkayi,80,0,,,True
3834,Al Balakus,40,0,,,True
3836,Luanshya,1280,0,,,True
3838,Ermelo,40,0,,,True
3840,Kafr Al-Zaiyat,20,0,,,True
3841,Qaryat Salah al Din,40,0,,,True
3842,En Nahud,20,0,,,True
3844,Geziret Nikla,20,0,,,True
3845,Al Kafr al Bahri,20,0,,,True
3846,Mpumalanga,80,0,,,True
3847,Walikale,20,0,,,True
3848,Kafr Dinshawai,20,0,,,True
3849,Kahk al Qibliya,20,0,,,True
3850,Kafr Al-Sheikh,20,0,,,True
3851,,20,0,,,True
3852,Elila,20,0,,,True
3854,Kilwa,20,0,,,True
3855,Mankweng,320,0,,,True
3856,Birma,20,0,,,True
3857,Qotur,40,0,,,True
3858,Shamma,20,0,,,True
3859,Ndola,160,0,,,True
3860,Kapiri Mposhi,160,0,,,True
3861,Tala,20,0,,,True
3862,Faiyum,20,0,,,True
3863,Kamituga,40,0,,,True
3864,Nembudziya,40,0,,,True
3867,Manuf,40,0,,,True
3868,Durban,20,0,,,True
3869,Tanta,20,0,,,True
3870,Al-Gharaq,20,0,,,True
3871,Nzara,160,0,,,True
3872,Shunufa,20,0,,,True
3873,Turalei,40,0,,,True
3874,,20,0,,,
3875,Mit Musa,20,0,,,True
3876,Tutun,20,0,,,True
3877,Shibin Al-Kom,20,0,,,True
3878,Ashmoun,2560,0,,,True
3880,Mehallet Roh,20,0,,,True
3881,6th of October,320,0,,,True
3882,Shimm al Basal al Bahari,20,0,,,True
3883,Daquf,20,0,,,True
3884,Manqa??n,20,0,,,True
3885,Atsa,20,0,,,True
3886,Sunbat,20,0,,,True
3887,Garawan,20,0,,,True
3888,Sandafa al Far,20,0,,,True
3889,El Mahalla El Kubra,20,0,,,True
3891,Kafr al Hajj Daud,20,0,,,True
3892,Bani Munayn,20,0,,,True
3893,Shushah,20,0,,,True
3894,Yambio,80,0,,,True
3895,Al-Santa,40,0,,,True
3896,Sinnuris,80,0,,,True
3897,Naj Abd Allah Abd al Jawwad,20,0,,,True
3898,Mahdiyah,20,0,,,True
3899,Mutabi,20,0,,,True
3900,Kasenga,40,0,,,True
3901,Kafr Awn,20,0,,,True
3902,Cairo,20,0,,,True
3903,T?wah Ban? Ibr?h?m,20,0,,,True
3904,Kafr Sarawa,2560,0,,,True
3905,Samalut,20,0,,,True
3906,Dirin,40,0,,,True
3907,Shubra Millis,20,0,,,True
3908,Quwaysina,20,0,,,True
3909,Al Ikhsas,20,0,,,True
3910,Damshir,20,0,,,True
3911,Al Manshiyah al Qibliyah,20,0,,,True
3912,Abu Sir Bana,20,0,,,True
3913,Banha,20,0,,,True
3914,Nazlet Abu Haseiba,20,0,,,True
3915,Al-Minya,20,0,,,True
3916,Kafr al Bashbishah,20,0,,,True
3917,Tukh,20,0,,,True
3918,Maghagheh,20,0,,,True
3919,Kafr al Arab,20,0,,,True
3920,Mit Ghamr,40,0,,,True
3921,Aghour Al-Kubra,20,0,,,True
3922,Beni Mazar,20,0,,,True
3923,Aga,20,0,,,True
3924,Nazlat Dahrut,20,0,,,True
3925,Ihnasya al Madinah,20,0,,,True
3926,Bilqas,20,0,,,True
3927,Mansoura,20,0,,,True
3928,Fashn,20,0,,,True
3929,Nazlet Husein Ali,20,0,,,True
3930,Nazlet al Saadna,20,0,,,True
3931,Warrap,20,0,,,True
3933,Kafr al Sharaqwah,320,0,,,True
3934,Hour,20,0,,,True
3935,Awlad Sarhan,20,0,,,True
3936,Al Inab al Saghirah,20,0,,,True
3937,Minshat al Maghaliqah,20,0,,,True
3938,Nchelenge,640,0,,,True
3939,Atmeeda,20,0,,,True
3940,Tongaat,20,0,,,True
3942,Dundet,20,0,,,True
3943,Nazlet al Sibaat,40,0,,,True
3944,Biba,20,0,,,True
3945,Dungu,80,0,,,True
3947,Kafr al Dayr,20,0,,,True
3948,Abu Qurqas,20,0,,,True
3949,Naj al Shaykh Hasan Abu Sabir,20,0,,,True
3950,Kardida,20,0,,,True
3951,Ghayyadah al Gharbiyah,20,0,,,True
3952,Sawdiri,20,0,,,True
3953,Mansa,160,0,,,True
3954,Zayyan,80,0,,,True
3956,Kafr al Hajj Shirbini,160,0,,,True
3957,Beni Suef,20,0,,,True
3958,Aby?h?,20,0,,,True
3959,Gimmeizet Bilgai,20,0,,,True
3960,Minya Al-Qamh,20,0,,,True
3961,Kafr al Dabbusi,20,0,,,True
3962,Safur,20,0,,,True
3963,Karhuliza II,20,0,,,
3964,Kafr al Shurafa al Qibli,20,0,,,True
3965,Mallawi,20,0,,,True
3966,Dairut,20,0,,,True
3967,El Senbellawein City,20,0,,,True
3968,Al-Zaqaziq?,20,0,,,True
3969,Qaland?l,20,0,,,True
3970,Markaz Deir Mawas,20,0,,,True
3971,Diyarb al Suq,20,0,,,True
3972,Al Ayyat,40,0,,,True
3973,Bush,20,0,,,True
3974,Minyat Sultan,80,0,,,True
3975,Al-Wasitah,20,0,,,True
3976,Misisi,40,0,,,True
3977,Izbat Abu Sir,20,0,,,True
3978,Nazlet al Barsha,20,0,,,True
3979,Walungu,20,0,,,True
3980,Kafr Ismail,20,0,,,True
3981,Al Saff,320,0,,,True
3982,Gweru,320,0,,,True
3983,Al-Qobabat,80,0,,,True
3984,Nazlet Rimeih,20,0,,,True
3985,Pinga,20,0,,,True
3986,Izbat al Hawwashah,20,0,,,True
3987,Pweto,80,0,,,True
3988,Stanger,40,0,,,True
3989,El Showeifat District,2560,0,,,True
3990,Vanguard Mine,20,0,,,
3991,Al Daraksa,20,0,,,True
3992,Al Halawat,20,0,,,True
3993,Al Bustan,20,0,,,True
3994,Beni Adi,20,0,,,True
3995,An Nazlah,20,0,,,True
3996,Bilbeis,20,0,,,True
3997,Al Lagowa,20,0,,,True
3998,Mazrub,20,0,,,True
3999,Mululu,20,0,,,True
4000,Damietta,20,0,,,True
4001,Kwekwe,320,0,,,True
4003,Kafr Haggag,20,0,,,True
4004,Abu Kabir?,20,0,,,True
4005,Abu Zabad,20,0,,,True
4006,Katana centre,40,0,,,True
4007,Bukavu,40,0,,,True
4008,Nazlet al Khalayfa,20,0,,,True
4010,Mbizo,320,0,,,True
4011,Kandekere,20,0,,,True
4012,A? ?aw?b?yah,40,0,,,True
4013,Rubaya,20,0,,,True
4014,Bishasha,20,0,,,True
4015,Numbi,20,0,,,True
4016,Zacharia,40,0,,,True
4017,Mkushi,320,0,,,True
4018,Qism Auwal Faqus,20,0,,,True
4021,Chakari,40,0,,,True
4022,Mayom,20,0,,,True
4023,Kadoma,640,0,,,True
4025,Kawm Abu Shil,20,0,,,True
4026,Al Gharabwa,20,0,,,True
4027,Asyut,20,0,,,True
4029,Al-Manzala,80,0,,,True
4030,Kafr al Rabaya,80,0,,,True
4032,9th,320,0,,,True
4033,Kamanyola,20,0,,,True
4034,Tall al Zahirah,40,0,,,True
4035,,20,0,,,
4036,,20,0,,,True
4038,Butondo,20,0,,,True
4039,Mambasa,40,0,,,True
4040,Baraka,80,0,,,True
4041,Al Nazla,40,0,,,True
4042,Sake,20,0,,,True
4043,Rugombo,320,0,,,True
4044,Mugina,160,0,,,True
4045,Kalemie,40,0,,,True
4046,Kafr al Hawi,40,0,,,True
4047,Uvira,40,0,,,True
4048,Dayr Abu Maqrufah,40,0,,,True
4049,Abu Tig,20,0,,,True
4051,???????,40,0,,,True
4052,Goma,80,0,,,True
4053,Buganda,160,0,,,True
4054,Nazlet Sheikh Shihata,20,0,,,True
4055,Kirumba,20,0,,,True
4056,Kanyabayonga,160,0,,,True
4057,Murwi,40,0,,,True
4058,Nazlet al Mughrebi,20,0,,,True
4059,Kitumbiro,40,0,,,True
4060,Samfya,640,0,,,True
4061,Chegutu,1280,0,,,True
4063,Gatumba,320,0,,,True
4064,Matsapha,160,0,,,True
4066,Nazlet Imran Khamis,20,0,,,True
4067,eHlau-Hlau,160,0,,,True
4069,Dilling,20,0,,,True
4070,Salubindza,160,0,,,True
4071,eGobhoza,160,0,,,True
4073,Al Badari,20,0,,,True
4074,Port Said,20,0,,,True
4075,Tima,80,0,,,True
4076,,20,0,,,True
4077,Butembo,40,0,,,True
4078,Bujumbura,80,0,,,True
4079,Kipese,40,0,,,True
4080,Manzini,160,0,,,True
4081,Al Ismailiya,20,0,,,True
4082,Buyenzi,80,0,,,True
4084,Chinhoyi,1280,0,,,True
4086,Fazarah bil Qaryah,20,0,,,True
4087,Nyundo,2560,0,,,True
4088,Tahma,20,0,,,True
4089,King Mine,20,0,,,
4090,Kaduqli,80,0,,,True
4091,Bubanza,160,0,,,True
4092,Sikhalasenkosi,160,0,,,True
4095,Bwera,20,0,,,True
4096,Rumonge,80,0,,,True
4098,Dongola,160,0,,,True
4099,Beni,20,0,,,True
4100,Butusande,80,0,,,True
4101,Musigati,40,0,,,True
4102,Nyabiraba,20,0,,,True
4104,Sohag,20,0,,,True
4105,Isare,40,0,,,True
4108,Fayed,160,0,,,True
4109,Maragha,20,0,,,True
4112,Nida,20,0,,,True
4113,Oicha,160,0,,,True
4114,Lundi,20,0,,,
4116,Kalimva,80,0,,,True
4117,Rumbek,80,0,,,True
4118,Nyanza Lac,320,0,,,True
4119,Bentiu,160,0,,,True
4120,Kilima Hewa,320,0,,,True
4121,Nyamilima,20,0,,,True
4123,Bururi,80,0,,,True
4124,Muramvya,160,0,,,True
4125,Ndalama,80,0,,,True
4126,Kayanza,80,0,,,True
4127,Makosa,40,0,,,True
4128,Musanze,1280,0,,,True
4129,Bukeye,80,0,,,True
4130,Ishasha,20,0,,,True
4131,Luwingu,640,0,,,True
4133,Girga,20,0,,,True
4134,,20,0,,,
4135,Masvingo,640,0,,,True
4137,Lulimbi,20,0,,,
4138,Mwaro,80,0,,,True
4140,Al-Ubayyid,20,0,,,True
4141,Suez,40,0,,,True
4143,Huye,5120,0,,,True
4144,Serenje,320,0,,,True
4145,Norton,1280,0,,,True
4146,Muhanga,1280,0,,,True
4147,Makamba,160,0,,,True
4149,Muhammad al Askari,40,0,,,True
4150,,20,0,,,
4151,Ruhango,640,0,,,True
4152,Ngozi,80,0,,,True
4153,Ntabandwa,20,0,,,
4154,Barah,20,0,,,True
4155,Naas,160,0,,,True
4156,Al Sahil Bahari,80,0,,,True
4157,Aulad Ileiu,20,0,,,True
4158,Chivhu,80,0,,,True
4159,Balyana,20,0,,,True
4160,Gashikanwa,20,0,,,True
4161,Buraza,20,0,,,
4163,Gitega,160,0,,,True
4165,Kayogoro,80,0,,,True
4166,Rier Market,20,0,,,
4167,Leer,20,0,,,True
4168,Rutana,320,0,,,True
4169,Mutoyi,40,0,,,True
4171,Harare,80,0,,,True
4172,Kigali,80,0,,,True
4173,Ntega,20,0,,,True
4174,Nyabibuye,20,0,,,
4176,Naj Kawm Majanin,20,0,,,True
4177,Mongbwalu,20,0,,,True
4178,Mvurwi,320,0,,,True
4179,,20,0,,,
4180,Musenyi,40,0,,,True
4183,Bugenyuzi,40,0,,,True
4184,Murubona,640,0,,,True
4185,Kasese,320,0,,,True
4186,Kirundo,160,0,,,True
4187,Vumbi,20,0,,,True
4188,Muyange-Gasoho,40,0,,,True
4189,Chitungwiza,2560,0,,,True
4190,Nag Hammadi,20,0,,,True
4191,Triangle,20,0,,,True
4193,Al Rahad,20,0,,,True
4194,Marembo,20,0,,,
4196,Kabuga,2560,0,,,True
4197,Eliya,640,0,,,True
4198,Jerera,80,0,,,True
4199,Al Salamiyah al Hait,20,0,,,True
4200,Bunia,20,0,,,True
4201,Ruyigi,160,0,,,True
4203,Fort Portal,640,0,,,True
4205,Chizhanje,2560,0,,,True
4206,Glenclova,20,0,,,
4208,Ruwa,2560,0,,,True
4209,Abu Manna Gharb,20,0,,,True
4210,Iga Barriere,20,0,,,True
4211,Butihinda,80,0,,,True
4212,Muyinga,80,0,,,True
4215,Dishna,40,0,,,True
4217,,20,0,,,True
4218,Yirol,40,0,,,True
4219,Makere,160,0,,,True
4220,Maputo,160,0,,,True
4221,Kabogo,80,0,,,True
4222,Bindura,1280,0,,,True
4224,Giteranyi,80,0,,,True
4225,Armant Al-Waburat,20,0,,,True
4226,Gisuru,80,0,,,True
4227,,20,0,,,
4228,Gatoke,20,0,,,True
4230,Hod al Salmiya al Qibli al Gharbi,320,0,,,True
4233,Tod,160,0,,,True
4235,Cankuzo,320,0,,,True
4236,Marondera,2560,0,,,True
4238,Naj al Madamud,20,0,,,True
4239,Isna,80,0,,,True
4241,Qena,40,0,,,True
4242,Ezbet Abu Habashi,20,0,,,True
4243,Luxor,20,0,,,True
4244,,20,0,,,
4245,Yei,80,0,,,True
4247,Al Saaida,20,0,,,True
4248,Mbarara,320,0,,,True
4250,Qus,40,0,,,True
4251,Al Arish,320,0,,,True
4252,Ariwara,20,0,,,True
4253,Umm Ruwaba,20,0,,,True
4254,,640,0,,,True
4256,Ingbokolo,20,0,,,True
4258,,20,0,,,
4261,Jupujuro-sii,20,0,,,True
4262,Aru,20,0,,,True
4263,Abu Jibeha,20,0,,,True
4264,Kaya,20,0,,,
4266,Murewa,320,0,,,True
4267,Al ?Abb?siyya,20,0,,,True
4268,Arua,320,0,,,True
4269,Kasama,160,0,,,True
4270,Mpulungu,320,0,,,True
4271,New Fangak,20,0,,,True
4272,Koboko,640,0,,,True
4273,Pacwa,20,0,,,True
4274,Mucumbura,160,0,,,True
4275,Checheche,160,0,,,True
4276,Sangano,160,0,,,True
4277,Mpanda,640,0,,,True
4278,Mahagi,20,0,,,True
4279,Nguruka,640,0,,,True
4282,,320,0,,,True
4283,Faris,160,0,,,True
4284,,160,0,,,True
4286,Ezbet al Sibil Qiblli,40,0,,,True
4287,Aswan,40,0,,,True
4289,,20,0,,,
4290,Mbala,160,0,,,True
4291,,20,0,,,
4293,Sinda,160,0,,,True
4297,Yumbe,640,0,,,True
4299,,20,0,,,
4300,Poktap,20,0,,,True
4301,Mabior,20,0,,,
4305,Hoima,640,0,,,True
4308,Tandalti,20,0,,,True
4311,Malakal,160,0,,,True
4313,Mubende,640,0,,,True
4316,Sumbawanga,640,0,,,True
4318,Hurghada,640,0,,,True
4319,,20,0,,,True
4320,Bor,80,0,,,True
4322,Juba,160,0,,,True
4323,Katete,320,0,,,True
4324,,160,0,,,True
4329,Mutare,640,0,,,True
4333,,20,0,,,
4335,Khartoum,20,0,,,True
4338,Chibuto,1280,0,,,True
4341,Ghaliya,80,0,,,True
4342,,20,0,,,
4343,,2560,0,,,True
4345,Xai-Xai,640,0,,,True
4347,Terekeka,320,0,,,True
4350,Ed Dueim,20,0,,,True
4352,Yuai,20,0,,,
4355,Masaka,640,0,,,True
4356,Chinsali,320,0,,,True
4363,Jebel Aulia,2560,0,,,True
4364,Bukoba,320,0,,,True
4366,,20,0,,,True
4367,Chadiza,160,0,,,True
4368,Pieri,20,0,,,
4369,Lankien,20,0,,,True
4370,Kizibu,20,0,,,True
4371,Katoro,320,0,,,True
4373,,20,0,,,True
4374,Station 10,20,0,,,True
4376,Lavorongor,20,0,,,
4378,Messica,640,0,,,True
4380,Baqayr al Quddami,20,0,,,True
4382,Nimule,20,0,,,True
4383,Mityana,640,0,,,True
4384,Walgak,20,0,,,
4385,Giad Industrial Complex,20,0,,,True
4386,Chipata,320,0,,,True
4389,Kosti,20,0,,,True
4390,Sussundenga,640,0,,,True
4392,Catandica,320,0,,,True
4394,Rabak,20,0,,,True
4396,Geita,640,0,,,True
4397,Katikati,2560,0,,,True
4402,Gulu,640,0,,,True
4403,Mchinji,640,0,,,True
4404,Chimoio,160,0,,,True
4405,,20,0,,,True
4406,Isoka,160,0,,,True
4409,,20,0,,,
4412,Al Managil,20,0,,,True
4415,Renk,80,0,,,True
4418,,20,0,,,True
4419,,20,0,,,
4421,Wad Rawah,20,0,,,True
4422,,20,0,,,
4427,Kampala,40,0,,,True
4428,Entebbe,2560,0,,,True
4430,Al Kamilin,40,0,,,True
4431,Shendi,160,0,,,True
4432,Tunduma,160,0,,,True
4433,Missale,20,0,,,True
4434,Ulang,20,0,,,
4435,Torit,40,0,,,True
4436,Al Hilaliyah,20,0,,,True
4437,Aboud,20,0,,,True
4438,Matugga,2560,0,,,True
4439,Kahama,1280,0,,,True
4441,Al Uk,20,0,,,True
4443,,20,0,,,True
4444,Al Hasahisa,20,0,,,True
4445,Bukala,640,0,,,True
4446,Muxungue,80,0,,,True
4447,,40,0,,,True
4449,,20,0,,,True
4451,Rufaah,20,0,,,True
4452,Vwawa,1280,0,,,True
4453,Lundazi,160,0,,,True
4455,Tabora,640,0,,,True
4457,Tete,320,0,,,True
4458,Inchope,320,0,,,True
4461,Kayanja,160,0,,,True
4462,,20,0,,,
4464,Wad Madan?,40,0,,,True
4465,Naseer,20,0,,,
4469,Lira,640,0,,,True
4470,Mwanza,160,0,,,True
4471,Lugazi,160,0,,,True
4472,Moatize,640,0,,,True
4475,Furancungo,160,0,,,True
4477,Alshukaba Alwihda,20,0,,,True
4478,Wad el Haddad,20,0,,,True
4479,ad-Damer,40,0,,,True
4480,Gorongosa,640,0,,,True
4481,Atbara,80,0,,,True
4483,Pibor,20,0,,,True
4484,Nhamatanda,80,0,,,True
4485,Sennar,20,0,,,True
4487,Inharrime,640,0,,,True
4488,Ikotos,20,0,,,True
4489,Nansio,640,0,,,True
4490,Likuni,320,0,,,True
4491,,20,0,,,True
4492,Iwambi,2560,0,,,True
4495,Lilongwe,160,0,,,True
4496,Nzega,640,0,,,True
4497,,20,0,,,
4498,Mbeya,640,0,,,True
4499,,20,0,,,
4500,Jinja,640,0,,,True
4503,Nalango,80,0,,,True
4505,El Suki,20,0,,,True
4507,Shinyanga,640,0,,,True
4509,Singa,20,0,,,True
4510,,40,0,,,True
4512,Maxixe,2560,0,,,True
4513,Al Fao,20,0,,,True
4514,Iganga,160,0,,,True
4515,Dondo,640,0,,,True
4516,Inhambane,2560,0,,,True
4518,Al Quwaysi,20,0,,,True
4519,Kapoeta,20,0,,,True
4520,,20,0,,,
4521,Beira,640,0,,,True
4522,Massinga,640,0,,,True
4523,Manga,2560,0,,,True
4525,Kyela,1280,0,,,True
4526,Mzuzu,640,0,,,True
4527,Opuyo,1280,0,,,True
4528,Busesa,160,0,,,True
4529,Ulongu‚,160,0,,,True
4530,Z¢bue,20,0,,,True
4532,,20,0,,,
4533,Vilankulo,1280,0,,,True
4535,,80,0,,,True
4537,Musoma,640,0,,,True
4538,Igunga,640,0,,,True
4541,,20,0,,,
4543,Bunda,1280,0,,,True
4544,Ad-Damazin,40,0,,,True
4546,Al Kurumuk,20,0,,,True
4547,Er Roseires,80,0,,,True
4549,?? ????,160,0,,,True
4553,El Hawata,20,0,,,True
4555,,20,0,,,True
4556,Itang,40,0,,,True
4557,Busia,640,0,,,True
4558,Blantyre,320,0,,,True
4559,Mbale,1280,0,,,True
4560,Tongo,40,0,,,True
4561,Amagoro B Central,2560,0,,,True
4562,Limbe,640,0,,,True
4565,Mukanga Center,2560,0,,,True
4567,Inhangoma,40,0,,,True
4568,Asosa,160,0,,,True
4569,Beigi,40,0,,,True
4572,Caia,640,0,,,True
4573,Metangula,160,0,,,True
4574,Ts'Erba,20,0,,,True
4575,Bududa (Maduka),20,0,,,
4576,K'Idame Gebeya,80,0,,,True
4577,Gambela,640,0,,,True
4578,Tarime,2560,0,,,True
4581,,20,0,,,
4582,Bambasi,80,0,,,True
4585,Migori,1280,0,,,True
4586,Isebania,640,0,,,True
4589,Zomba,5120,0,,,True
4590,Dambidollo,40,0,,,True
4591,Bungoma,640,0,,,True
4592,Mangochi,1280,0,,,True
4593,Makambako,1280,0,,,True
4594,Morrumbala,40,0,,,True
4597,Mopeia,160,0,,,True
4598,,80,0,,,True
4601,Lichinga,160,0,,,True
4602,Singida,1280,0,,,True
4603,Al-Qadarif,40,0,,,True
4604,Kimilili,320,0,,,True
4606,Kakamega,640,0,,,True
4607,Kisii,1280,0,,,True
4608,Kisumu,640,0,,,True
4609,Kakuma,1280,0,,,True
4610,Mendi,80,0,,,True
4611,Kakie,40,0,,,True
4612,New Halfa,20,0,,,True
4613,Marromeu,320,0,,,True
4617,,20,0,,,True
4618,Milange,20,0,,,True
4619,Geba,160,0,,,True
4620,Kiminini,320,0,,,True
4621,Alem Teferi,80,0,,,True
4622,Mandimba,80,0,,,True
4623,Kitale,320,0,,,True
4626,Jarso Tower,40,0,,,True
4628,Kile,40,0,,,True
4629,Insaca (Mecanhelas),80,0,,,True
4631,Aira,160,0,,,True
4632,Sibanga,20,0,,,True
4633,Khashm El Girba,20,0,,,True
4634,Entre Lagos,80,0,,,True
4635,Meti Chafi / Tilk u Meti,160,0,,,True
4637,Doka,20,0,,,True
4638,,20,0,,,True
4639,Nedjo,80,0,,,True
4640,Gulisso,40,0,,,True
4643,Eldoret,640,0,,,True
4645,Hayya,20,0,,,True
4646,Tepi,80,0,,,True
4647,Songea,640,0,,,True
4648,,2560,0,,,True
4649,Duba,20,0,,,True
4650,Manasebo,40,0,,,True
4651,Qurayshah,20,0,,,True
4652,,2560,0,,,True
4654,Bila,40,0,,,True
4655,Gore,80,0,,,True
4656,,20,0,,,
4657,Metu,320,0,,,True
4659,Gengi,40,0,,,True
4660,,20,0,,,
4662,???? ???????? ???????,20,0,,,True
4663,Inango,40,0,,,True
4665,Ndiuka,1280,0,,,True
4667,Uallaga,80,0,,,True
4669,Kassala,40,0,,,True
4670,Ghimbi,320,0,,,True
4671,Guyi,20,0,,,True
4673,Guie,20,0,,,
4675,Daka,20,0,,,True
4677,,20,0,,,True
4678,Metema ???,40,0,,,True
4679,Dodoma,1280,0,,,True
4680,Sink?t,20,0,,,True
4681,Shewa Ghimira,40,0,,,True
4682,Chena,20,0,,,True
4683,Karatu,320,0,,,True
4684,Jemu,20,0,,,
4687,,20,0,,,
4688,Babati,1280,0,,,True
4689,,20,0,,,
4690,,160,0,,,True
4691,,20,0,,,
4692,,40,0,,,True
4693,Molo,640,0,,,True
4694,Berciuma,40,0,,,True
4695,Nicoadala,160,0,,,True
4697,,20,0,,,
4698,Quelimane,160,0,,,True
4699,Cuamba,320,0,,,True
4702,Port Sudan,40,0,,,True
4704,Etatara,40,0,,,True
4705,Shehibi,160,0,,,True
4706,Teseney,40,0,,,True
4707,Narok,1280,0,,,True
4708,K'Umbabe,80,0,,,True
4709,May Cader,80,0,,,True
4710,Sigmo,40,0,,,True
4713,,20,0,,,
4714,,20,0,,,
4715,,20,0,,,
4716,Namacurra,160,0,,,True
4717,Golij,80,0,,,True
4718,Arjo,80,0,,,True
4719,,80,0,,,True
4720,Omorate,20,0,,,True
4721,Namarr¢i,160,0,,,True
4722,Mocuba,160,0,,,True
4723,Welensu,80,0,,,True
4724,Ch'Iri,20,0,,,True
4725,,160,0,,,True
4726,Jawi,160,0,,,True
4727,Shira,40,0,,,True
4728,Sawakin,20,0,,,True
4729,Nakuru,1280,0,,,True
4731,Chagni,40,0,,,True
4732,Bedele,160,0,,,True
4733,Free Area,2560,0,,,True
4735,Gurue,80,0,,,True
4737,Gechi,80,0,,,True
4738,,20,0,,,
4740,Getema,40,0,,,True
4741,Lieca,40,0,,,True
4742,Nekemte,160,0,,,True
4743,Dembi,40,0,,,True
4745,Errego (Ile),40,0,,,True
4746,Gida Ayana,160,0,,,True
4751,Gutin,160,0,,,True
4752,Shebe,40,0,,,True
4753,,40,0,,,True
4754,Schadda,20,0,,,
4755,,20,0,,,True
4757,,20,0,,,
4758,Nyahururu,2560,0,,,True
4759,Agaro,160,0,,,True
4760,Yanfa,80,0,,,True
4763,Shahura (Alefa),80,0,,,True
4764,Kaka,20,0,,,True
4765,Dangla,40,0,,,True
4766,Bitilta Zebraro,40,0,,,True
4767,Turmi,20,0,,,True
4768,Naivasha,640,0,,,True
4769,Achefer,80,0,,,True
4770,Jinka,40,0,,,True
4771,Ifakara,1280,0,,,True
4772,Maganja,320,0,,,True
4773,Addis Kidan,20,0,,,True
4774,Gembe,80,0,,,True
4776,Liben Medhane `Alem Bete Kristiyan,80,0,,,True
4777,Katab,20,0,,,True
4778,,80,0,,,True
4780,Durbete,20,0,,,True
4781,Amaya,80,0,,,True
4782,Aykel,40,0,,,True
4783,Enjebara,80,0,,,True
4784,Yebu,80,0,,,True
4785,Seka,20,0,,,True
4787,Delgi,20,0,,,True
4789,Kunzila,40,0,,,True
4790,Shendie Gebreal,40,0,,,True
4792,Haro,20,0,,,True
4794,Sire,80,0,,,True
4795,Nauela,20,0,,,
4797,Cima,80,0,,,True
4798,Tulu Wayo,40,0,,,True
4799,Gube Guto,20,0,,,True
4800,Arusha,640,0,,,True
4801,Jimma,160,0,,,True
4802,Malema,160,0,,,True
4804,Kuch,80,0,,,True
4805,Mulevala,80,0,,,True
4806,Ngong,2560,0,,,True
4807,Burie,160,0,,,True
4808,Nairobi,40,0,,,True
4809,Bila,20,0,,,True
4810,Bulk'I Sudan Intiriyer Misiyon,40,0,,,True
4811,Chwahit,20,0,,,True
4813,Merawi,20,0,,,True
4814,,20,0,,,True
4815,Jimma,40,0,,,True
4816,Limmu,80,0,,,True
4817,Ongata Rongai,2560,0,,,True
4818,Mugema,20,0,,,True
4819,Ndenderu,2560,0,,,True
4820,Alibo,80,0,,,True
4821,Ruaka,2560,0,,,True
4822,Gairo,640,0,,,True
4824,,40,0,,,True
4826,Sekela,80,0,,,True
4827,Chere,40,0,,,True
4829,Adi Tuoldemedhin,20,0,,,True
4830,Bako,40,0,,,True
4831,serbo,40,0,,,True
4832,Barentu,40,0,,,True
4833,Shambu,640,0,,,True
4834,Dembea,40,0,,,True
4835,Gish Abay,20,0,,,True
4836,,20,0,,,True
4837,Kiambu,2560,0,,,True
4838,Hareto,40,0,,,True
4839,Alto Mol¢cue,160,0,,,True
4842,Aszimew,20,0,,,True
4843,Esara (Balle),20,0,,,
4845,Tocha,40,0,,,True
4846,Leke Bota,40,0,,,True
4847,Gonder,320,0,,,True
4848,Marrupa,320,0,,,True
4849,Bahir Dar,80,0,,,True
4850,Layma,20,0,,,
4851,Woito,20,0,,,
4853,Mirerani,640,0,,,True
4854,Nyeri,640,0,,,True
4855,Ruiru,2560,0,,,True
4856,Kitengela,2560,0,,,True
4858,,20,0,,,
4859,Wad,40,0,,,True
4860,Jiga,40,0,,,True
4861,Medale,20,0,,,True
4862,Tarcha,80,0,,,True
4863,Gebeze Mariam,40,0,,,True
4864,Seyo,40,0,,,True
4866,Asendabo,40,0,,,True
4867,,20,0,,,True
4868,Maksegnit,80,0,,,True
4869,Semoy,40,0,,,True
4870,Etana,80,0,,,True
4871,Digna,40,0,,,True
4872,Adet,20,0,,,True
4873,Ejaji,80,0,,,True
4875,Omonada,20,0,,,True
4876,Thika,1280,0,,,True
4879,Pebane,1280,0,,,True
4880,Hamusit,80,0,,,True
4881,,20,0,,,
4882,Gasachare,40,0,,,True
4883,Tis Abay,40,0,,,True
4885,Washira,20,0,,,True
4886,Botor,80,0,,,True
4887,Anbesame,20,0,,,True
4888,Deneba,80,0,,,True
4889,Belta,20,0,,,
4890,Nefnafe,40,0,,,True
4891,Teh Gabr,40,0,,,True
4892,Kombolcha,80,0,,,True
4893,Gedo,40,0,,,True
4894,,40,0,,,True
4895,Wereta,20,0,,,True
4896,Feres Bet,20,0,,,True
4897,Amanuel,80,0,,,True
4898,Garasse,80,0,,,True
4900,Rio Arno,20,0,,,True
4901,Shenen,20,0,,,True
4902,Balemi,40,0,,,True
4903,Seissie,20,0,,,
4904,Gidole,80,0,,,True
4905,Iapala,320,0,,,True
4906,Zarema,20,0,,,True
4908,Adis Zemen,40,0,,,True
4909,Machakos,5120,0,,,True
4912,Giundu,160,0,,,True
4913,Moshi,640,0,,,True
4914,Debark,80,0,,,True
4915,North Gondar,40,0,,,True
4916,Fasha Bota,20,0,,,
4918,Selam Ber,20,0,,,True
4920,Digo Tsion,80,0,,,True
4922,Debre Markos,80,0,,,True
4923,Konso,40,0,,,True
4924,,40,0,,,True
4925,Bale,40,0,,,True
4926,Gemu,40,0,,,True
4928,Senan Rob Gebeya,40,0,,,True
4929,Muiane,320,0,,,True
4930,Yejube,20,0,,,True
4931,Enchini,40,0,,,True
4933,Gesuba,40,0,,,True
4934,Boloso Sore,20,0,,,True
4935,Darechera,20,0,,,True
4936,Arba Minch,160,0,,,True
4938,Gimbichu,40,0,,,True
4939,Gil‚,160,0,,,True
4940,Adi Da`Iro,80,0,,,True
4941,Mota,20,0,,,True
4942,Chencha,320,0,,,True
4943,Embu,640,0,,,True
4945,Tokud Emni,20,0,,,True
4946,,40,0,,,True
4947,Ualeita,20,0,,,True
4948,Eso,20,0,,,True
4949,,20,0,,,True
4950,Yegodena Mikael,40,0,,,True
4951,,20,0,,,True
4953,Gouder,160,0,,,True
4954,Hadero,160,0,,,True
4955,Gununew,20,0,,,True
4956,Morogoro,320,0,,,True
4958,??????/Inda Aba Guna,20,0,,,True
4959,Boreda,40,0,,,True
4960,Mekanebirhan,20,0,,,True
4961,Debre Tabor,160,0,,,True
4962,Ginido,40,0,,,True
4963,Dereba Bota,80,0,,,True
4964,Kachise,40,0,,,True
4965,K'Ose,40,0,,,True
4966,Morsito,20,0,,,True
4967,Ribaue,160,0,,,True
4969,West Belesa,20,0,,,True
4970,Ebbenat,20,0,,,True
4971,Welkite,320,0,,,True
4972,Areka,20,0,,,True
4973,Moneia,160,0,,,True
4974,Keren,80,0,,,True
4976,Shire,160,0,,,True
4977,Ambo,160,0,,,True
4978,Lumame,40,0,,,True
4979,Shamba Bota,20,0,,,
4981,Mekane Yesus,40,0,,,True
4982,Sodo,640,0,,,True
4983,Kuyi,160,0,,,True
4984,Konteb,40,0,,,True
4985,Doyogena,80,0,,,True
4986,Shinshicho,40,0,,,True
4987,Adisicia,40,0,,,True
4988,Gunchire,20,0,,,True
4989,Tebla,20,0,,,True
4991,Indegany,40,0,,,True
4994,Mi`Irab Abaya,80,0,,,True
4995,Meru,640,0,,,True
4996,Feres Midir,40,0,,,True
4997,Hossana,320,0,,,True
4998,Gende Woin,20,0,,,True
5000,Chitu,20,0,,,True
5001,Angacha,160,0,,,True
5002,Bodoacio,40,0,,,True
5003,Boditi,40,0,,,True
5005,Gurage,40,0,,,True
5006,Emdibir,40,0,,,True
5007,Waliso,320,0,,,True
5008,Durame,80,0,,,True
5011,Kimir Dingay,40,0,,,True
5012,,20,1,,,
5013,Mariam Debre Cuorie,20,0,,,True
5014,Debre Work,40,0,,,True
5015,Gojo Town,20,0,,,True
5016,Agena,40,0,,,True
5017,Fonk'O,80,0,,,True
5018,Denboya,40,0,,,True
5019,Welayita,40,0,,,True
5020,Gut'O,20,0,,,True
5021,Dejen,80,0,,,True
5022,Shone,40,0,,,True
5023,Derba,20,0,,,True
5024,,20,0,,,
5025,Dilela,20,0,,,True
5026,Bechena,80,0,,,True
5027,Murrupula,160,0,,,True
5029,Dil Yibza,80,0,,,True
5030,Gezaber,20,1,,,True
5031,Mertule Mariam,40,0,,,True
5033,Ginsi,80,0,,,True
5034,Arekite,20,1,,,True
5037,Uykro,20,0,,,True
5038,Busa,20,0,,,True
5039,Gohatsion,80,0,,,True
5041,Weyira Shet',80,0,,,True
5042,Alaba Kulito,20,0,,,True
5043,Kola Shet',20,0,,,
5044,Shoni,20,1,,,True
5045,Tulu Bolo,80,0,,,True
5046,Sherer,80,0,,,True
5047,Sheno,20,1,,,True
5048,Fantapi Irsha,40,0,,,True
5050,Nefas Meewcha,20,0,,,True
5051,Gorabee,320,0,,,True
5052,Pebane,20,0,,,
5053,Kokir,20,0,,,True
5054,,160,0,,,True
5056,Mendefera,20,0,,,True
5057,Tulu Milki,80,0,,,True
5059,Axum,160,0,,,True
5060,Aleltu,80,0,,,True
5061,,20,0,,,True
5063,Debarwa,160,0,,,True
5064,Yabelo,160,0,,,True
5065,Asmara,40,0,,,True
5067,Dalocha,40,0,,,True
5068,Ch'Eleletu,80,0,,,True
5069,Adi Guadad,80,0,,,True
5070,Rama,80,0,,,True
5071,Tore,40,0,,,True
5074,Adi Quala,20,0,,,True
5076,Anda,20,0,,,True
5077,Gebre gurach,160,0,,,True
5078,InchIni,80,0,,,True
5079,Yirga Cheffe,20,0,,,True
5080,Lul£ti,80,0,,,True
5081,Shelo Bota,40,0,,,True
5083,Addis Alem,160,0,,,True
5084,Banitu,40,0,,,True
5085,Kibet,20,0,,,True
5086,,20,0,,,True
5087,Mecub£ri,320,0,,,True
5088,Shamena,20,0,,,True
5089,Wenago,40,0,,,True
5090,?? ?? / Bule Hora,40,0,,,True
5091,The State Of Tigray,20,0,,,
5092,Gedeb,40,0,,,True
5095,Butajira,640,0,,,True
5096,Dilla,80,0,,,True
5097,Namuno,160,0,,,True
5098,Amdework,20,0,,,True
5100,Adwa,320,0,,,True
5101,Ejere,40,0,,,True
5102,Agge,20,0,,,True
5103,???? / Finchawa,40,0,,,True
5104,Chucko,40,0,,,True
5105,Holeta,320,0,,,True
5106,Moma,40,0,,,True
5108,T'Ora,40,0,,,True
5109,Irba,20,0,,,True
5110,Dila Bota,40,0,,,True
5112,?????? Dekemhare,20,0,,,True
5113,,40,0,,,True
5114,Yirgalem,40,0,,,True
5115,Calipo,40,0,,,True
5116,Chalaua,80,0,,,True
5118,Filakit Gereger,80,0,,,True
5119,Enseno,20,0,,,True
5120,Teferi Kela,40,0,,,True
5121,Densa,80,0,,,True
5122,Aletawendo,20,0,,,True
5123,Bule,20,0,,,True
5124,Morocho,20,0,,,True
5125,Degem Hambiso,80,0,,,True
5126,Hawassa,80,0,,,True
5127,Qericha,40,0,,,True
5128,Fint'Al Feres,40,0,,,True
5129,Bui,40,0,,,True
5130,Koshe,80,0,,,True
5132,Gundo Meskel,20,0,,,True
5133,Fital,40,0,,,True
5134,Addis Ababa,20,0,,,True
5135,Melkane Selam,80,0,,,True
5137,Malek Sanca,80,0,,,True
5138,Lemen,80,0,,,True
5139,Woncho,20,0,,,True
5140,Edaga Aby,40,0,,,True
5141,Yechillay,40,0,,,True
5142,Wogdi,160,0,,,True
5143,Montepuez,320,0,,,True
5144,Agre Salam,20,0,,,True
5145,Nampula,80,0,,,True
5146,Shashamane,80,0,,,True
5147,,20,0,,,True
5148,Inticho,20,0,,,True
5149,Gorche,20,0,,,
5150,Basha,40,0,,,True
5151,Nametil,160,0,,,True
5153,Kon,20,0,,,True
5154,Ashenat,80,0,,,True
5155,Bulbula,80,0,,,True
5156,Kala,40,0,,,True
5157,Sululta,2560,0,,,True
5158,Bursa,20,0,,,True
5160,Asketama Village,20,0,,,True
5161,Solomo,40,0,,,True
5162,Arsi Negelle,20,0,,,True
5163,Bore,20,0,,,True
5164,Hagere Selam,20,0,,,True
5165,Ziway,640,0,,,True
5166,Debre Libanos,20,0,,,
5167,Debre Tsige,80,0,,,True
5168,Lalibela,80,0,,,True
5169,Massawa,20,0,,,True
5171,Muketuri,40,0,,,True
5172,Adi Keyh,20,0,,,True
5173,Arbe Gona,20,0,,,True
5174,Bona Qabelanka,20,0,,,True
5176,Samre,20,0,,,True
5177,Meki,80,0,,,True
5178,,20,0,,,True
5179,Kelela,80,0,,,True
5180,Kefole,20,0,,,True
5181,Masha,40,0,,,True
5182,Fatsi,40,0,,,True
5183,Dukem,5120,0,,,True
5184,Senafe,40,0,,,True
5185,Alem Ketema,80,0,,,True
5186,Kokosa Bota,20,0,,,True
5187,Estayish,80,0,,,True
5189,Bishoftu,1280,0,,,True
5193,Bonsa Bota,20,0,,,True
5194,Birbo Shet',20,0,,,True
5195,Adigrat,80,0,,,True
5196,Alemtena,80,0,,,True
5197,Hawzien,20,0,,,True
5198,Meranya,40,0,,,True
5199,Picha Ya Ndege,2560,0,,,True
5200,Wegel Tena,40,0,,,True
5204,Chelena,20,0,,,True
5206,K'Ore / Qoree,40,0,,,True
5207,Akesta,160,0,,,True
5208,Feres Bet,160,0,,,True
5209,Aube,20,0,,,True
5210,Mek'el?,640,0,,,True
5211,Adi Mugia,80,0,,,True
5212,Jifa,20,0,,,True
5213,Qoqa,80,0,,,True
5214,Bericha Korebta,80,0,,,True
5215,Kersa,20,0,,,True
5216,Enwari,80,0,,,True
5217,Shakiso,40,0,,,True
5218,Safiya,40,0,,,True
5219,Mejo,20,0,,,True
5220,Muecate,640,0,,,True
5221,Enda Mariam Sion,20,0,,,True
5222,Dar es Salaam,40,0,,,True
5223,Chefedonsa,40,0,,,True
5225,Deneba,80,0,,,True
5226,Aleltu,80,0,,,True
5227,Mojo,160,0,,,True
5228,Kibre Mengist,80,0,,,True
5230,Quiha,40,0,,,True
5231,Derek' Amba,80,0,,,True
5232,Degolo,20,0,,,True
5233,Adi Gudom,20,0,,,True
5234,,2560,0,,,True
5235,Wukro,160,0,,,True
5236,Asella,160,0,,,True
5237,Maychew,40,0,,,True
5238,Korem,40,0,,,True
5239,Sagure,40,0,,,True
5240,,20,0,,,True
5241,DAR ES SALAAM,2560,0,,,True
5242,,40,0,,,True
5244,Shano,20,0,,,True
5245,Ch'Engi Shet',80,0,,,True
5246,Adama,80,0,,,True
5248,Alamata,80,0,,,True
5249,Tanga,320,0,,,True
5251,Itiya,80,0,,,True
5252,Dodolla,40,0,,,True
5254,Asassa,40,0,,,True
5255,Moyale,640,0,,,True
5256,Ekda Gaber,40,0,,,True
5257,Haro,160,0,,,True
5258,Passo Saefti,20,0,,,True
5260,Bekoji,40,0,,,True
5261,Dera,160,0,,,True
5262,Zanzibar City,160,0,,,True
5263,Weldiya,40,0,,,True
5264,T'Edo Ber,40,0,,,True
5265,Kobo,20,0,,,True
5266,Kuta Ber,160,0,,,True
5267,Huruta,40,0,,,True
5268,Uccialli,40,0,,,True
5269,Chiure-Sede,320,0,,,True
5270,Arerti,80,0,,,True
5272,Passo Di Senafe,20,0,,,
5273,Nacaroa,320,0,,,True
5274,Namialo,640,0,,,True
5275,Aadi Noia,20,0,,,
5276,Mersa,80,0,,,True
5277,Dessie,160,0,,,True
5278,Welenchete,80,0,,,True
5279,Debre Birhan,80,0,,,True
5280,Netia,40,0,,,True
5281,Konkoma,80,0,,,True
5282,Rabel,80,0,,,True
5283,Siltana,80,0,,,True
5284,Hyke,40,0,,,True
5285,Degaga,40,0,,,True
5286,Adaba,40,0,,,True
5288,Sire,40,0,,,True
5289,Kombolcha,80,0,,,True
5290,Mehal Meda,20,0,,,True
5291,Salla Dingai,40,0,,,True
5292,Gobesa,40,0,,,True
5293,Zeramel,40,0,,,True
5294,Uaddara,20,0,,,True
5295,,40,0,,,True
5296,Mistima,40,0,,,True
5297,Ticho,160,0,,,True
5299,,20,0,,,
5300,Deksis,80,0,,,True
5301,Harbu,320,0,,,True
5303,,80,0,,,True
5304,Debre Sina,80,0,,,True
5306,Robe,80,0,,,True
5307,Arboye,20,0,,,True
5308,Ch'Erch'Er,40,0,,,True
5310,Kemse,160,0,,,True
5311,Ch'Iri,20,0,,,True
5315,Kula,80,0,,,True
5316,Monapo,80,0,,,True
5318,Negele,160,0,,,True
5321,Bole,80,0,,,True
5323,Ukunda,1280,0,,,True
5324,Erestino,20,0,,,True
5327,Chaffa Robit,80,0,,,True
5328,Shoa Robit,640,0,,,True
5329,Mombasa,80,0,,,True
5333,Bati,80,0,,,True
5334,Ataye,80,0,,,True
5335,Habe,40,0,,,True
5336,Abomsa,160,0,,,True
5340,Sambatee,160,0,,,True
5342,Gersa Halila,40,0,,,True
5343,Agarfa,80,0,,,True
5346,Garissa,160,0,,,True
5347,Sinkille,40,0,,,True
5350,Mtwapa,1280,0,,,True
5351,Adele,40,0,,,True
5353,Meslo,40,0,,,True
5356,Dewe,20,0,,,
5357,Teferi Birhan,20,0,,,True
5360,Mtwara,640,0,,,True
5363,,20,0,,,
5364,Bale,80,0,,,True
5366,Goba,320,0,,,True
5367,Kilifi,640,0,,,True
5369,Robe,160,0,,,True
5370,Weregu Medhane `Alem Bete Kristiyan,20,0,,,
5373,Moc¡mboa da Praia,1280,0,,,True
5374,,640,0,,,True
5376,Nacala,640,0,,,True
5384,Seru,80,0,,,True
5385,Gasera,80,0,,,True
5388,Berbere,20,0,,,True
5390,Wajir,320,0,,,True
5391,Mechara,80,0,,,True
5392,Micheta,80,0,,,True
5394,Malindi,640,0,,,True
5400,Meliyu,40,0,,,True
5404,Gelemso,20,0,,,True
5405,Komona,20,0,,,True
5407,Lower Miele,20,0,,,True
5409,Jara,20,0,,,True
5410,Goro,80,0,,,True
5412,Dadaab,80,0,,,True
5415,Asebot,20,0,,,True
5416,Boke Tiko,20,0,,,True
5417,Hagadera Refugee Camp,160,0,,,True
5418,Geseta,20,0,,,True
5419,,20,0,,,True
5423,Mieso,40,0,,,True
5424,Logiya,640,0,,,True
5426,Bosana,40,0,,,True
5429,Ginir,40,0,,,True
5430,Chiro,40,0,,,True
5431,Filtu,20,0,,,True
5433,Kuni,20,0,,,True
5435,,20,0,,,True
5444,Doba,20,0,,,True
5445,Hirna,40,0,,,True
5446,Bork'A Shet',40,0,,,True
5451,Mesela,20,0,,,True
5452,El Wak,80,0,,,True
5453,Asaita,160,0,,,True
5456,Boreda,40,0,,,True
5463,Karamile,20,0,,,True
5464,Gondela Terara,20,0,,,True
5465,Hare Wacha,20,0,,,True
5467,Jaja,40,0,,,True
5469,Deder,80,0,,,True
5472,Kobo,80,0,,,True
5476,Chelenko,20,0,,,True
5478,Burka,40,0,,,True
5480,Dhamaso,20,0,,,True
5481,Bedeno,20,0,,,True
5484,Kulubi,20,0,,,True
5485,Farda,20,0,,,
5491,Toliara,1280,0,,,True
5492,Bulo,40,0,,,True
5494,Torbi,20,0,,,True
5497,Shinile,40,0,,,True
5498,Dire Dawa,80,0,,,True
5500,Girawa,20,0,,,True
5502,Arocha,20,0,,,True
5504,Huse,20,0,,,True
5510,Sancal,20,0,,,
5511,Didimtu,320,0,,,True
5514,Harar,80,0,,,True
5517,Adla,20,0,,,
5518,Finangiuba,160,0,,,True
5519,Melka Chireti,40,0,,,True
5520,Mandera,320,0,,,True
5521,Ije Lola Shet',20,0,,,
5529,,20,0,,,True
5534,Dolo,80,0,,,True
5535,Babille,40,0,,,True
5536,East Imi,40,0,,,True
5537,Fik',40,0,,,True
5539,Gursum Timhirt Bet,80,0,,,True
5541,,20,0,,,
5549,Ali Sabieh,80,0,,,True
5551,Godcusbo,20,0,,,True
5555,,40,0,,,True
5556,Tadjoura,40,0,,,True
5564,Jijiga,40,0,,,True
5566,,20,0,,,
5572,Kismayo,80,0,,,True
5578,Djibouti,160,0,,,True
5583,Isha-Gudban,20,0,,,
5588,Moroni,640,0,,,True
5594,Tsihombe,80,0,,,True
5595,,20,0,,,
5596,Borama,40,0,,,True
5603,,20,0,,,True
5604,Uffurow,40,0,,,True
5613,Togechane,80,0,,,True
5614,Diinsoor,80,0,,,True
5622,Hartishek,80,0,,,True
5632,Fomboni,20,0,,,True
5636,Allay Baday,20,0,,,
5643,Dasgahbur,80,0,,,True
5648,Ambovombe,40,0,,,True
5655,,20,0,,,
5661,Gode,80,0,,,True
5662,Walakhere,20,0,,,True
5679,,20,0,,,
5680,Baidoa,40,0,,,True
5685,Hargeisa,20,0,,,True
5696,Hudur,80,0,,,True
5699,Awareh,20,0,,,True
5709,Barawa,80,0,,,True
5710,Buurhakaba,40,0,,,True
5713,Kellafo,20,0,,,
5714,Kebri Dehar,40,0,,,True
5718,,20,0,,,True
5727,Tayeeglow,80,0,,,True
5729,Mamoudzou,640,0,,,True
5730,Qoryooley,80,0,,,True
5732,Berbera,320,0,,,True
5739,Ceel-Caddow,20,0,,,
5742,Merca,80,0,,,True
5745,Dara Salaam,20,0,,,True
5750,Xawo Tako,40,0,,,True
5755,Soaindrana,20,0,,,True
5758,Ferfer,40,0,,,True
5761,Beledweyne,320,0,,,True
5762,Burao,40,0,,,True
5763,Mahajanga,640,0,,,True
5765,Mogadishu,40,0,,,True
5766,,20,0,,,
5767,Antsirabe,2560,0,,,True
5768,Ikongo,20,0,,,
5769,Miadana,20,0,,,
5770,,20,0,,,
5771,Ambatofotsy,20,0,,,
5773,Sambaina,40,0,,,True
5776,Farafangana,160,0,,,True
5777,Mahadaay,20,0,,,True
5779,Duduble,20,0,,,
5780,Maqdas,20,0,,,
5783,Antanifotsy,80,0,,,True
5791,Manakara,320,0,,,True
5792,Antananarivo,40,0,,,True
5793,Ambatolampy Tsimahafotsy,40,0,,,True
5796,Ambohidrabiby,20,0,,,
5799,Cabudwaaq,320,0,,,True
5809,Dhuusamareeb ???????,80,0,,,True
5812,,20,0,,,
5825,Galdogob,80,0,,,True
5827,Erigavo,40,0,,,True
5832,Bursaalax,160,0,,,True
5833,Las Anod,160,0,,,True
5837,Galkayo,160,0,,,True
5839,Sheak Cali,20,0,,,
5843,Andoany,320,0,,,True
5848,,20,0,,,
5849,Badhan,40,0,,,True
5850,,20,0,,,
5852,Antetezambaro,20,0,,,
5861,Garoowe,320,0,,,True
5871,Bosaso,80,0,,,True
5873,Maroantsetra,320,0,,,True
5875,Qardho City,80,0,,,True
5930,Le Port,1280,0,,,True
5933,Le Tampon,10240,0,,,True
5934,Saint-Denis,2560,0,,,True
5938,Saint-Andr‚,1280,0,,,True
5960,Port Louis,320,0,,,True
